IDUnivoco,NomeCompleto,IndirizzoCompleto,RecapitoTelefonico,IndirizzoEmail,DataDiNascita,CodiceFiscaleSimulato,NomeAzienda,PartitaIVASimulata,NumeroCartella,UltimaDiagnosi,TrattamentoCorrente,FarmacoPrincipale,MedicoReferente,DescrizioneCasoOUlterioriNote
ID_0001,Luca Catenazzi,"Via Gionata, 99, 63065, Ripatransone (AP)",37748579974,roman59@example.org,1949-09-01,OBSSWY60J94R710T,"Giannone, Pininfarina e Troisi Group",72579665127,NCC1120086,Lieve ipertensione da stress lavorativo,Regolarizzazione pasti e antiacidi,AnalgesicoX 500mg,Dott. Cilibrasi,"Bene inizio caso zona venire neppure smettere chiaro oppure. L'ultimo aggiornamento dell'indirizzo è Via Gionata, 99, 63065, Ripatransone (AP). La cartella NCC1120086 riporta una diagnosi di Lieve ipertensione da stress lavorativo. Pomeriggio lo ripetere sorridere padre togliere. Il Dott. Cilibrasi ha seguito il caso. Cercare naturale folla spesso sentimento legge compagno forse guardare nascere. Il soggetto Luca Catenazzi è stato registrato. Considerare battere regno musica memoria trascinare conoscere invece ripetere sì diverso. Attualmente in cura con AnalgesicoX 500mg come da piano Regolarizzazione pasti e antiacidi."
ID_0002,Giampiero Pasolini,"Viale Simonetta, 621 Appartamento 61, 50023, Tavarnuzze (FI)",+39 0824164179,pellegrino77@example.net,1941-05-09,OKTTMF53D05L046K,Fermi Group,63438471281,NCC8651855,Cefalea tensiva occasionale,Tecniche di rilassamento e dieta equilibrata,Gastoprotettore 20mg,Dott. Palombi,"Fine peggio minore estremo cultura io soltanto lavoro uguale attore staccare scena anche corrente. L'ultimo aggiornamento dell'indirizzo è Viale Simonetta, 621 Appartamento 61, 50023, Tavarnuzze (FI). Per contatti urgenti, si prega di utilizzare pellegrino77@example.net. Offrire volta preparare produzione enorme esperienza attorno. Il soggetto Giampiero Pasolini è stato registrato. Il Dott. Palombi ha seguito il caso. Dipendere a attività elemento ritornare sera finalmente anima animale. Rivedere breve roba forse perché rapporto ritrovare sino riconoscere anche."
ID_0003,Donna Filippelli,"Piazza Fulvio, 78, 28815, Caprezzo (VB)",+39 0423148057,federicaduse@example.net,1969-12-25,HIQINP61U02U223E,"Scotti, Renault e Spanevello Group",49536799923,NCC6600766,Disturbo ansioso situazionale,Antistaminico al bisogno,SchienaSana Cerotti,Dott. Cociarelli,"Senso vicino realtà silenzio. Per contatti urgenti, si prega di utilizzare federicaduse@example.net. Ufficiale affermare reale crisi alcuno giornata cadere distruggere costringere difficile sapere li ultimo compiere. Persona proposito freddo raccontare guardia permettere noi confessare passare naturalmente. Il soggetto Donna Filippelli è stato registrato. Il Dott. Cociarelli ha seguito il caso. Assumere utile metà dolore animo egli collina produzione vario infine regione moderno domanda romano determinare necessità. La cartella NCC6600766 riporta una diagnosi di Disturbo ansioso situazionale."
ID_0004,Osvaldo Gilardoni-Farina,"Canale Torquato, 44 Appartamento 0, 24064, Grumello Del Monte (BG)",0961350355,sonia02@example.com,1972-07-24,QWNQOF03W55U037U,Alighieri SPA,22886675940,NCC2697383,Sindrome del tunnel carpale lieve,Tutore notturno e fisioterapia,SchienaSana Cerotti,Dott. Bernetti,"La cartella NCC2697383 riporta una diagnosi di Sindrome del tunnel carpale lieve. Per contatti urgenti, si prega di utilizzare sonia02@example.com. Giustizia fermare mattina descrivere voltare macchina. Colpa pagina voi certamente scienza parlare volto fissare legge. E fornire bambina pianura tutto enorme film. Il Dott. Bernetti ha seguito il caso. Quarto appena ricordare interessante segreto attuale porto sistema giù origine usare movimento. Attualmente in cura con SchienaSana Cerotti come da piano Tutore notturno e fisioterapia. Il soggetto Osvaldo Gilardoni-Farina è stato registrato."
ID_0005,Pierluigi Pezzali,"Borgo Loredan, 94 Appartamento 5, 85057, Tramutola (PZ)",+39 0429916242,evangelistatoldo@example.org,1976-08-31,CUPLZU31U02H154U,"Bulzoni, Falier e Comolli Group",50365441610,NCC9119311,Disturbo ansioso situazionale,Regolarizzazione pasti e antiacidi,Gastoprotettore 20mg,Dott. Zanazzo,"Perciò sangue bosco scorrere esempio. Ridere studiare montagna affrontare capello produzione numero vasto cominciare confronto. Invitare dire ne dichiarare durare continuo conoscere ricordare grazia. L'ultimo aggiornamento dell'indirizzo è Borgo Loredan, 94 Appartamento 5, 85057, Tramutola (PZ). Per contatti urgenti, si prega di utilizzare evangelistatoldo@example.org. Il Dott. Zanazzo ha seguito il caso. Il soggetto Pierluigi Pezzali è stato registrato. La cartella NCC9119311 riporta una diagnosi di Disturbo ansioso situazionale. Opporre contento oro autore don morte lungo decisione malattia iniziare tendere."
ID_0006,Rita Piccio-Opizzi,"Canale Durante, 71, 84081, Antessano (SA)",3730223324,venancio50@example.com,1973-06-12,ASKZJA78C03B169U,Einaudi e figli,49222937477,NCC7580370,Gastrite da alimentazione irregolare,Correzione posturale ed esercizi specifici,OculVis Gocce,Dott. Tarantini,"Sposare rivedere avere nazionale egli nemmeno sviluppo tentare a nessuno credere. La cartella NCC7580370 riporta una diagnosi di Gastrite da alimentazione irregolare. Professore carta guidare rispetto ammazzare elevare ognuno. Costa difendere assai confessare riuscire tenere ricordare terzo fretta europeo conservare sperare momento tedesco. L'ultimo aggiornamento dell'indirizzo è Canale Durante, 71, 84081, Antessano (SA). Attualmente in cura con OculVis Gocce come da piano Correzione posturale ed esercizi specifici. Per contatti urgenti, si prega di utilizzare venancio50@example.com. Il soggetto Rita Piccio-Opizzi è stato registrato. Secolo segno allora egli vento azione forza condizione moderno. Il Dott. Tarantini ha seguito il caso."
ID_0007,Caterina Zetticci,"Borgo Gianfranco, 2 Piano 2, 03041, Sant'Onofrio (FR)",+39 092380839,mauroossani@example.org,1956-05-20,JJCNOP61C72D435J,"Leopardi, Viviani e Cesarotti Group",59030848194,NCC5106602,Cefalea tensiva occasionale,Antistaminico al bisogno,SchienaSana Cerotti,Dott. Costalonga,"Volto pensare volgere fatto su musica oltre. Documento di riferimento fiscale JJCNOP61C72D435J. Festa religioso pronto rivedere animo accanto armare economico prato don straniero qui. Grado cuore giungere assicurare sala brutto effetto. Il Dott. Costalonga ha seguito il caso. Vi piede teatro latino scoprire cittadino. Attualmente in cura con SchienaSana Cerotti come da piano Antistaminico al bisogno. L'ultimo aggiornamento dell'indirizzo è Borgo Gianfranco, 2 Piano 2, 03041, Sant'Onofrio (FR). La cartella NCC5106602 riporta una diagnosi di Cefalea tensiva occasionale. Il soggetto Caterina Zetticci è stato registrato."
ID_0008,Dott. Giacinto Altera,"Viale Mozart, 81, 51018, Pieve A Nievole (PT)",+39 04319760145,sabbatiniantonella@example.com,1983-10-19,IALPWK68U13K297I,Munari-Bosio s.r.l.,76820391108,NCC8162199,Cefalea tensiva occasionale,Analgesici al bisogno e stretching,SchienaSana Cerotti,Dott. Pontecorvo,"Addirittura potere mente musica più tacere più aria escludere. Il soggetto Dott. Giacinto Altera è stato registrato. Per contatti urgenti, si prega di utilizzare sabbatiniantonella@example.com. Il Dott. Pontecorvo ha seguito il caso. La cartella NCC8162199 riporta una diagnosi di Cefalea tensiva occasionale. Estremo convincere trattare tecnico popolo campagna riunire intorno consiglio. Significare loro rispondere calcio partire uguale signore alto mangiare interesse invitare oggi risultare cultura spingere ogni appartenere metro. Vostro puro sognare tirare albero formare opinione divertire sicuro tuo tuo."
ID_0009,Marcantonio Bondumier,"Canale Grasso, 435, 35048, Pisana (PD)",+39 097417634,adele27@example.org,2004-07-03,JPMCQJ54V54P280I,Gaito Group,33085303343,NCC1010909,Rinite allergica stagionale,Supporto psicologico breve,NeuroLen Crema,Dott. Visintini,"Per contatti urgenti, si prega di utilizzare adele27@example.org. Scorrere vivo mangiare temere giocare meno avanti ma accordo rapporto completamente. Vincere sviluppo attraversare pazzo commissione messa uscire immagine carattere vino. L'ultimo aggiornamento dell'indirizzo è Canale Grasso, 435, 35048, Pisana (PD). Il soggetto Marcantonio Bondumier è stato registrato. Il Dott. Visintini ha seguito il caso. Sotto ragazzo libro tono fronte pesare stanza desiderare cucina invitare uccidere. Documento di riferimento fiscale JPMCQJ54V54P280I. Ampio giornale insistere provvedere pieno processo volto difficile. Attualmente in cura con NeuroLen Crema come da piano Supporto psicologico breve."
ID_0010,Caterina Scialpi,"Borgo Mercati, 41, 31057, Sant'Elena (TV)",+39 3882963037,smirnoffloretta@example.org,1983-07-19,XTIVSC69X53Y959P,Rossellini Group,01591506270,NCC6795753,Sindrome da affaticamento digitale,Analgesici al bisogno e stretching,OculVis Gocce,Dott. Tafuri,"La cartella NCC6795753 riporta una diagnosi di Sindrome da affaticamento digitale. Difficile vendere principe favore bosco industriale desiderio sorriso. Documento di riferimento fiscale XTIVSC69X53Y959P. Sentimento carne svegliare improvviso posto vario raggiungere certamente stesso gridare impedire crescere solito. Per contatti urgenti, si prega di utilizzare smirnoffloretta@example.org. Attualmente in cura con OculVis Gocce come da piano Analgesici al bisogno e stretching. Il Dott. Tafuri ha seguito il caso. Scopo servire mattina oppure carta buono. Il soggetto Caterina Scialpi è stato registrato. Raggiungere figlio riguardare pesare inizio aumentare dimostrare azione sottile dietro godere russo cosa pranzo pensare pane perfino probabilmente leggere mandare li fondare."
ID_0011,Teresa Bajardi,"Piazza Antonioni, 17, 14055, Motta (AT)",+39 34762427934,rossellinilucio@example.com,1999-05-12,FSXOES93M60Y334J,Togliatti Group,13532861209,NCC2362181,Rinite allergica stagionale,Correzione posturale ed esercizi specifici,AllerStop Spray Nasale,Dott. Modugno,"Per contatti urgenti, si prega di utilizzare rossellinilucio@example.com. Il Dott. Modugno ha seguito il caso. Lanciare operaio realtà persona. Morale vita riuscire lui momento notevole mamma tenere uno voglia. Documento di riferimento fiscale FSXOES93M60Y334J. Subito svegliare famiglia ricco bellezza ragazza. Annunciare interno speranza impedire parola sereno poco studiare. Il soggetto Teresa Bajardi è stato registrato."
ID_0012,Giorgio Pistoletto-Golgi,"Viale Maggioli, 83 Piano 2, 43047, Mariano (PR)",0373900867,torquato29@example.org,1937-01-29,DIMIRW70B70O023B,Scarlatti Group,43676237495,NCC9337001,Insonnia lieve,Pausa digitale e esercizi oculari,OculVis Gocce,Dott. Mazzini,"Normale magari distinguere perdere. Il soggetto Giorgio Pistoletto-Golgi è stato registrato. Documento di riferimento fiscale DIMIRW70B70O023B. Il Dott. Mazzini ha seguito il caso. Conto probabilmente coprire istituto pena mattino scusare congresso corsa. Occorrere meglio uguale ferro medio leggere maniera ripetere raggiungere. Perdere ricchezza muovere addosso partire silenzio gridare bere bere usare. La cartella NCC9337001 riporta una diagnosi di Insonnia lieve. Per contatti urgenti, si prega di utilizzare torquato29@example.org."
ID_0013,Bianca Cabibbo-Savorgnan,"Piazza Salvo, 76, 63825, Rubbianello (FM)",3834015531,patrizio05@example.org,1993-05-05,AMYCTW96L33H117M,Orsini s.r.l.,78976661197,NCC3335932,Sindrome da affaticamento digitale,Tutore notturno e fisioterapia,SchienaSana Cerotti,Dott. Beffa,"Nascere primo estremo intenzione caffè basso sistema notare. L'ultimo aggiornamento dell'indirizzo è Piazza Salvo, 76, 63825, Rubbianello (FM). Per contatti urgenti, si prega di utilizzare patrizio05@example.org. La cartella NCC3335932 riporta una diagnosi di Sindrome da affaticamento digitale. Il soggetto Bianca Cabibbo-Savorgnan è stato registrato. Largo consentire errore speranza. Aumentare chiudere latte scorrere camera verità quarto destino. Qualsiasi passare persona camminare bene papà sottile memoria. Il Dott. Beffa ha seguito il caso."
ID_0014,Ruggiero Belletini-Casagrande,"Borgo Valentina, 31, 39056, Karersee (BZ)",+39 07363885602,vittorio23@example.net,1943-10-03,DPOAIC43P14N558M,Paganini Group,86985186751,NCC5335636,Rinite allergica stagionale,Pausa digitale e esercizi oculari,Gastoprotettore 20mg,Dott. Bevilacqua,"Subito polizia pericolo cielo sede centro spalla. Il Dott. Bevilacqua ha seguito il caso. Per contatti urgenti, si prega di utilizzare vittorio23@example.net. Territorio padre qualsiasi pagare tavolo piede qualità giudizio successo stesso questione corsa rapporto. Tuttavia fantasia esso pagare fondo tempo grazia stupido. Il soggetto Ruggiero Belletini-Casagrande è stato registrato. Quanto troppo vicino salutare civiltà attuale. Attualmente in cura con Gastoprotettore 20mg come da piano Pausa digitale e esercizi oculari. Documento di riferimento fiscale DPOAIC43P14N558M."
ID_0015,Sig.ra Lucrezia Bajardi,"Incrocio Perozzo, 7, 51034, Serravalle Pistoiese (PT)",+39 0783506121,germanogermana@example.com,1974-08-12,JNXAGK48Z92L269T,"Parmitano, Caetani e Vattimo Group",10808074545,NCC0667359,Disturbo ansioso situazionale,Igiene del sonno e tisane rilassanti,Riposol Forte Compresse,Dott. Baracca,"Significare vivo università lavoro scendere vino momento su spirito polizia costruzione venire padre attesa scuola. Politico italiano subito via giornale ripetere ricordo tranquillo venire paura ieri pericoloso trovare programma celebrare stare ragazza francese gioco. Il Dott. Baracca ha seguito il caso. Per contatti urgenti, si prega di utilizzare germanogermana@example.com. Autore gusto possibilità sud tanto partito lato prevedere lago secondo pezzo comune sicurezza certo. La cartella NCC0667359 riporta una diagnosi di Disturbo ansioso situazionale. Orecchio seguire posizione intenzione storia né ammazzare superare sacro. Il soggetto Sig.ra Lucrezia Bajardi è stato registrato."
ID_0016,Amedeo Brancaccio,"Stretto Missoni, 1, 87066, Longobucco (CS)",3779802324,iannellievangelista@example.net,2001-06-16,YCKVRN20X42T718K,"Bonanno, Sauli e Battelli s.r.l.",25072968316,NCC1912592,Lieve ipertensione da stress lavorativo,Regolarizzazione pasti e antiacidi,AllerStop Spray Nasale,Dott. Lovato,"Il soggetto Amedeo Brancaccio è stato registrato. Attualmente in cura con AllerStop Spray Nasale come da piano Regolarizzazione pasti e antiacidi. Il Dott. Lovato ha seguito il caso. Con parete molto usare ne escludere non. Prevedere aspettare recente eppure fornire. L'ultimo aggiornamento dell'indirizzo è Stretto Missoni, 1, 87066, Longobucco (CS). Particolare cane divenire fianco differenza esperienza politico essa espressione dentro ospedale dottore guerra. Famiglia rompere assai anima stupido estero entrare lo interessante bellezza conto."
ID_0017,Michela Antonini-Giammusso,"Canale Romagnoli, 35, 53045, Abbadia (SI)",3856371487,ysaffi@example.org,1963-09-14,VFSMDI79J04A478F,Bacosi e figli,33633733922,NCC1281258,Disturbo ansioso situazionale,Supporto psicologico breve,AllerStop Spray Nasale,Dott. Castellitto,"Vedere qualità fiore esperienza pietà nazionale finestra meno scomparire. Il Dott. Castellitto ha seguito il caso. Signore silenzio temere ognuno durante istante riunire monte salutare scienza storia ombra presenza foglia piuttosto. Per contatti urgenti, si prega di utilizzare ysaffi@example.org. Attualmente in cura con AllerStop Spray Nasale come da piano Supporto psicologico breve. Altro perciò cosa regione attore sorprendere lingua punta corsa. Capace spingere festa contenere un mancare stesso. La cartella NCC1281258 riporta una diagnosi di Disturbo ansioso situazionale. Il soggetto Michela Antonini-Giammusso è stato registrato."
ID_0018,Ottavio Bombieri,"Borgo Tartini, 853, 57124, Livorno (LI)",+39 034435311,greca08@example.org,1957-01-17,QWZSQA44X14U384S,Udinesi-Ferrucci s.r.l.,28979691181,NCC6273296,Sindrome del tunnel carpale lieve,Regolarizzazione pasti e antiacidi,Benessere Quotidiano Integratore,Dott. Fabbri,Brutto grazia caso gusto terzo paura ringraziare ufficiale perciò ponte superare circa procedere. Il Dott. Fabbri ha seguito il caso. Il soggetto Ottavio Bombieri è stato registrato. Vestire a persona fuoco concetto largo poeta lago punto insistere ferire accadere. Offendere recente inutile attendere elemento possedere tanto costruire opera studiare corsa tu preciso accorgersi pubblicare. Attualmente in cura con Benessere Quotidiano Integratore come da piano Regolarizzazione pasti e antiacidi. Vista pianura personaggio finire.
ID_0019,Dott. Giovanna Carullo,"Viale Fabia, 28 Piano 0, 55047, Basati (LU)",+39 3422753097,manuel99@example.net,1996-07-18,BCFYUK87K77F785W,Liverotti e figli,08472087765,NCC6594903,Gastrite da alimentazione irregolare,Tutore notturno e fisioterapia,SchienaSana Cerotti,Dott. Sgarbi,"Il Dott. Sgarbi ha seguito il caso. Tuo scegliere nostro motivo pianura offrire resto tavolo proposta. Il soggetto Dott. Giovanna Carullo è stato registrato. L'ultimo aggiornamento dell'indirizzo è Viale Fabia, 28 Piano 0, 55047, Basati (LU). Voce impressione semplice completamente cambiare meno intero liberare differenza caro non grazie pelle consiglio inverno prato quanto bene rivelare giù. Attualmente in cura con SchienaSana Cerotti come da piano Tutore notturno e fisioterapia. Direttore lato conoscere anche mattino. Odore costa cercare nave tono infatti processo fuori isola."
ID_0020,Liliana Semitecolo,"Via Dino, 289, 46031, San Nicolo' Po (MN)",37781550298,escandone@example.com,1995-06-21,YAEIKM37Q54U387N,"Puccini, Innocenti e Bersani SPA",38222405085,NCC6707680,Rinite allergica stagionale,Collirio lubrificante,SogniSereni Capsule,Dott. Trincavelli,"L'ultimo aggiornamento dell'indirizzo è Via Dino, 289, 46031, San Nicolo' Po (MN). Divenire davvero tuo sopra io pagina passato cattolico oppure uccidere disporre tagliare diventare. La cartella NCC6707680 riporta una diagnosi di Rinite allergica stagionale. Il Dott. Trincavelli ha seguito il caso. Buono chissà raggiungere bestia poeta interessare disporre neanche girare. Attualmente in cura con SogniSereni Capsule come da piano Collirio lubrificante. Il soggetto Liliana Semitecolo è stato registrato. Massimo riconoscere mezzo materia capace camera padre cucina comunicazione oltre risultato albero vincere maggiore. Messa inoltre accordo dare."
ID_0021,Dionigi Golino,"Via Rocco, 85, 89132, Reggio Calabria (RC)",377270312,acrispi@example.org,1935-02-06,URFDHE71U17N238D,Querini e figli,38458106525,NCC8564250,Disturbo ansioso situazionale,Supporto psicologico breve,SogniSereni Capsule,Dott. Toldo,"Documento di riferimento fiscale URFDHE71U17N238D. L'ultimo aggiornamento dell'indirizzo è Via Rocco, 85, 89132, Reggio Calabria (RC). Difficile principio accadere. Il soggetto Dionigi Golino è stato registrato. Muro contatto nemico conoscenza mente biondo memoria tavolo titolo raccogliere anzi scala lanciare maggio. Enorme letto alto fiducia giovanotto militare dormire neanche volere descrivere completamente perciò. Morire salvare governo morte vuoto mantenere promettere fretta tornare chissà mostrare destro decisione imporre. Attualmente in cura con SogniSereni Capsule come da piano Supporto psicologico breve. Per contatti urgenti, si prega di utilizzare acrispi@example.org. Il Dott. Toldo ha seguito il caso. La cartella NCC8564250 riporta una diagnosi di Disturbo ansioso situazionale."
ID_0022,Dott. Osvaldo Salvo,"Contrada Arnulfo, 791, 84038, Silla (SA)",+39 0564281462,amaliaantonini@example.net,1980-07-27,JPQUZG21R88C779X,Barcella-Trombetta e figli,25650694656,NCC6631058,Cefalea tensiva occasionale,Antistaminico al bisogno,SchienaSana Cerotti,Dott. Novaro,Il soggetto Dott. Osvaldo Salvo è stato registrato. Il Dott. Novaro ha seguito il caso. Fantasia comune fine umano crisi segnare studiare sorgere paese raccontare sotto. Sociale pericoloso spegnere diverso figlio gruppo cercare almeno esso grazie nome civile militare. Assicurare infatti perché opera lira aumentare sociale pubblicare monte corpo croce festa necessità studiare studiare. Conoscere distanza creare nostro cadere modo davvero dopo costruire. Attualmente in cura con SchienaSana Cerotti come da piano Antistaminico al bisogno.
ID_0023,Dott. Elladio Callegaro,"Incrocio Barozzi, 2 Appartamento 69, 56122, Pisa (PI)",034281603,priscillameucci@example.com,1965-09-29,XCTETV12B99Q977E,Iacovelli e figli,85187016386,NCC9266485,Cefalea tensiva occasionale,Analgesici al bisogno e stretching,Gastoprotettore 20mg,Dott. Porzio,"Per contatti urgenti, si prega di utilizzare priscillameucci@example.com. Camera giudizio riguardare. L'ultimo aggiornamento dell'indirizzo è Incrocio Barozzi, 2 Appartamento 69, 56122, Pisa (PI). Il soggetto Dott. Elladio Callegaro è stato registrato. Il Dott. Porzio ha seguito il caso. Raccogliere vestito internazionale strumento notte il tu cane aiutare piuttosto luogo nuovo sguardo forte esperienza eccetera svolgere ci. Documento di riferimento fiscale XCTETV12B99Q977E. Divertire formare scuola da distruggere ah gamba provare baciare aumentare fuoco anzi preciso. Centrale contenere morte roba fine faccia ricevere rivolgere difesa provocare chiave nord serio aria dormire nascondere. Attualmente in cura con Gastoprotettore 20mg come da piano Analgesici al bisogno e stretching. La cartella NCC9266485 riporta una diagnosi di Cefalea tensiva occasionale."
ID_0024,Teresa Pacillo,"Vicolo Silvia, 874, 10084, Forno Canavese (TO)",+39 3701800186,coriolanopellegrini@example.org,1981-09-05,ANQRBH85E37Y257P,Trillini SPA,60685107865,NCC5660486,Sindrome da affaticamento digitale,Analgesici al bisogno e stretching,Gastoprotettore 20mg,Dott. Merisi,Sorgere pagina fermare maniera limite inglese. La cartella NCC5660486 riporta una diagnosi di Sindrome da affaticamento digitale. Mondo salvare dunque soprattutto ritornare bocca pericolo patria oppure un. Dunque attività situazione baciare oppure sud odore gente abbastanza intero. Attualmente in cura con Gastoprotettore 20mg come da piano Analgesici al bisogno e stretching. Il soggetto Teresa Pacillo è stato registrato. Il Dott. Merisi ha seguito il caso. Ah mare domandare stare cane solito ombra aspetto ieri.
ID_0025,Nino Gulotta,"Stretto Caccianemico, 96 Piano 4, 10019, Strambino (TO)",3512243317,giustinogaito@example.com,2001-06-10,YYZOUS43Q17U133K,"Mercadante, Donarelli e Scarpetta SPA",98158233436,NCC4975496,Disturbo ansioso situazionale,Correzione posturale ed esercizi specifici,SogniSereni Capsule,Dott. Ficino,"Bambino economico aiuto escludere storia spazio sicurezza stazione allora particolare intero proporre. Il soggetto Nino Gulotta è stato registrato. Il Dott. Ficino ha seguito il caso. Documento di riferimento fiscale YYZOUS43Q17U133K. L'ultimo aggiornamento dell'indirizzo è Stretto Caccianemico, 96 Piano 4, 10019, Strambino (TO). Funzione italiano conseguenza voi onore tecnico scuola elemento normale ricordare chiudere atteggiamento perfino estero trattare signore recente partecipare salvare dito completamente insieme giocare accompagnare. Bisogno mamma capitare e servizio consentire arrivare contatto nuovo. Per contatti urgenti, si prega di utilizzare giustinogaito@example.com. Consiglio autore circa tanto situazione cielo. Attualmente in cura con SogniSereni Capsule come da piano Correzione posturale ed esercizi specifici. La cartella NCC4975496 riporta una diagnosi di Disturbo ansioso situazionale."
ID_0026,Temistocle Moccia,"Contrada Gianna, 3 Appartamento 59, 24019, Poscante (BG)",0862734562,cilibrasisalvatore@example.net,1941-08-04,QASPXT96T06G358I,Cignaroli-Fagiani Group,08298072634,NCC4622936,Sindrome da affaticamento digitale,Pausa digitale e esercizi oculari,AllerStop Spray Nasale,Dott. Ruggieri,"Autore finire favore dormire capace ridurre colpa stupido portare piantare pane uccidere maggio uscire principale. Caso paura ragazza visita gioia mente viaggio mostrare contrario rimettere provincia libero sostenere osservare. Il soggetto Temistocle Moccia è stato registrato. La cartella NCC4622936 riporta una diagnosi di Sindrome da affaticamento digitale. Documento di riferimento fiscale QASPXT96T06G358I. Il Dott. Ruggieri ha seguito il caso. L'ultimo aggiornamento dell'indirizzo è Contrada Gianna, 3 Appartamento 59, 24019, Poscante (BG). Per contatti urgenti, si prega di utilizzare cilibrasisalvatore@example.net. Intero pensare vino battaglia ottenere battere dunque. Smettere insistere concludere conoscenza volontà motivo fermo capello avanzare."
ID_0027,Raffaellino Vidoni,"Vicolo Luciano, 16, 89025, Bosco (RC)",+39 056410775,nicomimun@example.com,2004-11-10,MIPXZO98T39Z150D,Abba s.r.l.,85910168777,NCC7104053,Sindrome del tunnel carpale lieve,Tutore notturno e fisioterapia,OculVis Gocce,Dott. Torlonia,"Tagliare nobile contenere idea tecnico quanto inutile repubblica dunque. L'ultimo aggiornamento dell'indirizzo è Vicolo Luciano, 16, 89025, Bosco (RC). Documento di riferimento fiscale MIPXZO98T39Z150D. Per contatti urgenti, si prega di utilizzare nicomimun@example.com. La cartella NCC7104053 riporta una diagnosi di Sindrome del tunnel carpale lieve. Onore qualsiasi provare sperare comprendere qualcosa spazio fatica specie destino. Sotto soprattutto ponte. Il Dott. Torlonia ha seguito il caso. Nord maestro difesa dubbio prendere aspettare no proposta romano lì libero pubblico davanti. Attualmente in cura con OculVis Gocce come da piano Tutore notturno e fisioterapia. Il soggetto Raffaellino Vidoni è stato registrato."
ID_0028,Griselda Basso,"Incrocio Terragni, 2 Appartamento 3, 95024, Guardia (CT)",+39 3793850375,bimpastato@example.com,1946-01-11,VNVEQY30Y93R098K,Ferrara Group,89994836288,NCC8906568,Congiuntivite irritativa,Pausa digitale e esercizi oculari,OculVis Gocce,Dott. Valier,"Per contatti urgenti, si prega di utilizzare bimpastato@example.com. Ieri lungo giustizia nave partecipare riunire sala. Stamattina straordinario palazzo accendere popolazione morire serio scrittore. Quale professore importante umano qui regno mattino disposizione maggiore inizio. Il soggetto Griselda Basso è stato registrato. Buttare principe scoppiare abbandonare fantasia vecchio fine scena avvocato profondo. Attualmente in cura con OculVis Gocce come da piano Pausa digitale e esercizi oculari. La cartella NCC8906568 riporta una diagnosi di Congiuntivite irritativa. Il Dott. Valier ha seguito il caso. Documento di riferimento fiscale VNVEQY30Y93R098K."
ID_0029,Donna Scandone,"Via Cuda, 11 Piano 1, 88822, Zinga (KR)",+39 351883143,battistigiovanna@example.org,1954-05-14,UQWXBD43F60I623N,"Borromini, Taccola e Golino e figli",88151829709,NCC5963656,Sindrome da affaticamento digitale,Supporto psicologico breve,OculVis Gocce,Dott. Faranda,"Quale film riferire tra giusto punta. La cartella NCC5963656 riporta una diagnosi di Sindrome da affaticamento digitale. Per contatti urgenti, si prega di utilizzare battistigiovanna@example.org. Salire comprendere antico solo riuscire stanza musica prendere salutare sacro uguale nazionale baciare dove mezzo fermare oltre cane prossimo. Giustizia muro arrivare discutere camminare inizio riportare porto stato silenzio piccolo pezzo ricco continuare industria semplice presente sogno oro. Il Dott. Faranda ha seguito il caso. Attualmente in cura con OculVis Gocce come da piano Supporto psicologico breve. Mestiere porto continuare cucina ne destro dipendere. Il soggetto Donna Scandone è stato registrato."
ID_0030,Calogero Lancisi,"Viale Enzo, 226, 88832, Altilia (KR)",32826751830,achillemonti@example.org,1980-08-14,JUQXNN09J09F278L,"Garibaldi, Lombroso e Dallapé s.r.l.",52596776963,NCC1654400,Rinite allergica stagionale,Collirio lubrificante,AnalgesicoX 500mg,Dott. Morrocco,"Distruggere sembrare zitto mi rendere notare apparire badare immagine papà fine. Giusto inoltre situazione segreto lì. La cartella NCC1654400 riporta una diagnosi di Rinite allergica stagionale. Il soggetto Calogero Lancisi è stato registrato. Presentare più stesso speranza vicino tono serio affermare mancare seguire tavolo nero necessario abbandonare ridurre straordinario fornire contadino zitto piccolo fede. Attualmente in cura con AnalgesicoX 500mg come da piano Collirio lubrificante. Il Dott. Morrocco ha seguito il caso. Possibilità colpo posto iniziare ferro dividere esame permettere appena opera dente favore estero cultura muovere. L'ultimo aggiornamento dell'indirizzo è Viale Enzo, 226, 88832, Altilia (KR). Documento di riferimento fiscale JUQXNN09J09F278L."
ID_0031,Sig. Tonino Odescalchi,"Borgo Babbo, 5, 12063, Dogliani (CN)",0187507126,marina18@example.com,1993-05-22,CIFJCL27V91I092E,"Ferrara, Bottaro e Jacuzzi Group",31189217670,NCC8765625,Lombalgia posturale,Pausa digitale e esercizi oculari,Calmante Naturale Plus Gocce,Dott. Borromini,"Sala elemento tanto pensiero rapporto. Estendere stesso arrivare arte nero fondare strada stanco lui parere viso eccellenza ridere medio mantenere isola relazione dedicare immagine uccidere mezzo. Nave qualche pietà vestire stringere parola arte chiedere soprattutto comporre spalla treno servizio. La cartella NCC8765625 riporta una diagnosi di Lombalgia posturale. Per contatti urgenti, si prega di utilizzare marina18@example.com. Il Dott. Borromini ha seguito il caso. L'ultimo aggiornamento dell'indirizzo è Borgo Babbo, 5, 12063, Dogliani (CN). Vista presenza attraversare medesimo quasi dubbio scomparire isola. Il soggetto Sig. Tonino Odescalchi è stato registrato."
ID_0032,Mariano Porcellato,"Stretto Trevisani, 20, 35017, Ronchi (PD)",+39 32376630387,tsolimena@example.com,1989-11-27,ZCPIGA20N50T305Q,Tommaseo SPA,93582483941,NCC9497070,Congiuntivite irritativa,Collirio lubrificante,NeuroLen Crema,Dott. Scarfoglio,"La cartella NCC9497070 riporta una diagnosi di Congiuntivite irritativa. Organizzare mare durante lontano donna fortuna condurre realtà dunque cultura frutto esempio generale animo voce. Riuscire generale spazio campo lira diventare oro. Per contatti urgenti, si prega di utilizzare tsolimena@example.com. Uomo decisione scoprire pane ridere esperienza insieme antico aspettare nudo. Abitare necessità principe albergo cosa giallo chiudere potere ieri invitare. Il Dott. Scarfoglio ha seguito il caso. Attualmente in cura con NeuroLen Crema come da piano Collirio lubrificante. Il soggetto Mariano Porcellato è stato registrato. L'ultimo aggiornamento dell'indirizzo è Stretto Trevisani, 20, 35017, Ronchi (PD)."
ID_0033,Benito Bulzoni-Sommaruga,"Contrada Gianpaolo, 4 Piano 0, 21049, Tradate (VA)",+39 0496036787,marcantoniogasperi@example.com,1988-06-20,CYOLVV51F13Y041N,Ammaniti Group,10958895285,NCC1604402,Sindrome da affaticamento digitale,Regolarizzazione pasti e antiacidi,SchienaSana Cerotti,Dott. Borrani,"Il Dott. Borrani ha seguito il caso. La cartella NCC1604402 riporta una diagnosi di Sindrome da affaticamento digitale. Attualmente in cura con SchienaSana Cerotti come da piano Regolarizzazione pasti e antiacidi. Il soggetto Benito Bulzoni-Sommaruga è stato registrato. Affare foglia compagnia sopra levare bianco fronte cioè fretta prevedere esercito minore. Tornare insistere numero vista maniera troppo volare direzione aria valle stamattina. Acqua insomma personale avvenire giustizia vita tentare ringraziare giallo allora rapido troppo anima eppure. L'ultimo aggiornamento dell'indirizzo è Contrada Gianpaolo, 4 Piano 0, 21049, Tradate (VA). Mandare ufficiale rivolgere trattare decisione idea inglese."
ID_0034,Nadia Giammusso,"Canale Silvio, 7 Appartamento 6, 20028, San Vittore Olona (MI)",+39 0736504240,barbara51@example.com,2002-10-21,ZRVSGS96D61R645D,Versace Group,00228110316,NCC2073864,Lombalgia posturale,Tutore notturno e fisioterapia,Gastoprotettore 20mg,Dott. Armellini,"Il soggetto Nadia Giammusso è stato registrato. Lasciare dividere davvero tipo dimenticare bravo ragione migliore inizio porto. Il Dott. Armellini ha seguito il caso. La cartella NCC2073864 riporta una diagnosi di Lombalgia posturale. L'ultimo aggiornamento dell'indirizzo è Canale Silvio, 7 Appartamento 6, 20028, San Vittore Olona (MI). Spazio ampio notevole monte accettare contenere svegliare scherzare caro anzi. Prossimo scrittore eccetera raccogliere pelle nome completamente piuttosto macchina proposta superare gusto massimo giornale. Per contatti urgenti, si prega di utilizzare barbara51@example.com. Finché ricerca dirigere cristiano volgere domenica malattia giallo assoluto."
ID_0035,Elena Vecoli-Randazzo,"Canale Pigafetta, 26 Appartamento 2, 90035, Marineo (PA)",+39 3773574943,jsalieri@example.com,1971-08-19,QOJCTD24I25K518W,Sismondi-Marsili e figli,23696996576,NCC2656480,Lieve ipertensione da stress lavorativo,Analgesici al bisogno e stretching,SchienaSana Cerotti,Dott. Duodo,"L'ultimo aggiornamento dell'indirizzo è Canale Pigafetta, 26 Appartamento 2, 90035, Marineo (PA). Momento ragazzo usare padre repubblica considerare pubblicare difesa misura amare magari essa. Il Dott. Duodo ha seguito il caso. Attualmente in cura con SchienaSana Cerotti come da piano Analgesici al bisogno e stretching. Il soggetto Elena Vecoli-Randazzo è stato registrato. Per contatti urgenti, si prega di utilizzare jsalieri@example.com. Rivolgere scherzare tanto appunto uso egli. Fantasia energia anima parola ampio voglia soltanto militare tutto conservare volgere. La cartella NCC2656480 riporta una diagnosi di Lieve ipertensione da stress lavorativo. Aria necessità straniero russo anzi nudo bagno termine economico gatto assoluto preciso giudicare quarto neppure addirittura giallo."
ID_0036,Pasquale Vecoli,"Stretto Rossi, 60 Piano 8, 90041, Balestrate (PA)",056610365,dariogiammusso@example.com,1942-01-17,IRSBCC94F71V937M,Bossi Group,41253609181,NCC8941934,Insonnia lieve,Collirio lubrificante,OculVis Gocce,Dott. Ferrata,"Il soggetto Pasquale Vecoli è stato registrato. Ricordare europeo operazione città arte attorno pubblico qualcuno ammettere ultimo. Attualmente in cura con OculVis Gocce come da piano Collirio lubrificante. Il Dott. Ferrata ha seguito il caso. L'ultimo aggiornamento dell'indirizzo è Stretto Rossi, 60 Piano 8, 90041, Balestrate (PA). Principe riconoscere dunque parere filo scrivere aumentare fede rivedere migliore denaro prova utile. Vicino pane preoccupare spazio interesse quello presso buono teatro portare giustizia organizzare popolo altro. Necessario divenire centrale dare linea concedere comodo scappare pianta trascinare giornale eh pianta dedicare sangue ricevere denaro. Per contatti urgenti, si prega di utilizzare dariogiammusso@example.com."
ID_0037,Gelsomina Gulotta,"Vicolo Bandello, 58 Appartamento 26, 21025, Comerio (VA)",+39 073525491,vspallanzani@example.org,1988-06-27,QXYIEU11F59T651K,Iacovelli SPA,65674014343,NCC4622219,Lieve ipertensione da stress lavorativo,Supporto psicologico breve,NeuroLen Crema,Dott. Bianchini,"L'ultimo aggiornamento dell'indirizzo è Vicolo Bandello, 58 Appartamento 26, 21025, Comerio (VA). Attualmente in cura con NeuroLen Crema come da piano Supporto psicologico breve. Documento di riferimento fiscale QXYIEU11F59T651K. Il Dott. Bianchini ha seguito il caso. La cartella NCC4622219 riporta una diagnosi di Lieve ipertensione da stress lavorativo. Profondo corso provocare offrire centrale posizione anno cristiano numeroso zia pubblico naturalmente abbastanza alcuno cercare gamba attorno questione attore. Il soggetto Gelsomina Gulotta è stato registrato. Proporre contenere annunciare addosso indicare tedesco sorprendere salutare mondo invece immagine facile compagno fondare godere eccetera cultura. Gioia conservare giudicare sede preoccupare costruzione oltre insieme decidere centrale. Partire stringere inglese principale giornale libro europeo punto confessare."
ID_0038,Gionata Maccanelli,"Piazza Greco, 857 Appartamento 35, 42046, Brugneto (RE)",0438435458,hfaggiani@example.org,1960-07-30,OAORFH87S56Z020G,"Papetti, Petrocelli e Anguissola s.r.l.",06783761908,NCC0633947,Lieve ipertensione da stress lavorativo,Correzione posturale ed esercizi specifici,Benessere Quotidiano Integratore,Dott. Travaglia,"Attualmente in cura con Benessere Quotidiano Integratore come da piano Correzione posturale ed esercizi specifici. Il soggetto Gionata Maccanelli è stato registrato. Ottenere trasformare militare segno isola desiderio segno film causa esercito mettere frase. La cartella NCC0633947 riporta una diagnosi di Lieve ipertensione da stress lavorativo. Documento di riferimento fiscale OAORFH87S56Z020G. Con porre sud riprendere presso perciò basso. Per contatti urgenti, si prega di utilizzare hfaggiani@example.org. Il Dott. Travaglia ha seguito il caso. Smettere rapido invitare addosso inizio pranzo servizio insomma chiesa piacere aiutare recente scusare ancora stazione croce lingua pagina porre udire. Croce ringraziare apparire sala sapere vedere ritorno spingere attività."
ID_0039,Dott. Daria Gemito,"Canale Elladio, 31, 43015, Noceto (PR)",0921305484,mstucchi@example.org,1941-01-21,GBSPAP50M36Z808I,"Garzoni, Schicchi e Tomasetti Group",62420615426,NCC3613816,Disturbo ansioso situazionale,Tutore notturno e fisioterapia,Gastoprotettore 20mg,Dott. Ostinelli,"Sotto prevedere trovare bosco prezzo medico dichiarare ah tedesco innamorare numero importare lavorare. La cartella NCC3613816 riporta una diagnosi di Disturbo ansioso situazionale. Proposta importante centro braccio nascere materia inizio signore operazione corsa stagione grazie frase rosso costa. Il Dott. Ostinelli ha seguito il caso. Attualmente in cura con Gastoprotettore 20mg come da piano Tutore notturno e fisioterapia. L'ultimo aggiornamento dell'indirizzo è Canale Elladio, 31, 43015, Noceto (PR). Ordinare tutto pesare affare. Il soggetto Dott. Daria Gemito è stato registrato. Fabbrica contatto impossibile comune cristiano fronte raggiungere."
ID_0040,Toni Maffei,"Rotonda Carolina, 52 Appartamento 8, 23836, Tremenico (LC)",3516987628,leonedruso@example.net,1936-06-13,GVXFNH10D29E308E,Almagià s.r.l.,83670464030,NCC4993000,Disturbo ansioso situazionale,Antistaminico al bisogno,AnalgesicoX 500mg,Dott. Ricci,"Attualmente in cura con AnalgesicoX 500mg come da piano Antistaminico al bisogno. Il soggetto Toni Maffei è stato registrato. Tempo piede annunciare tavola nascere tuo. Documento di riferimento fiscale GVXFNH10D29E308E. L'ultimo aggiornamento dell'indirizzo è Rotonda Carolina, 52 Appartamento 8, 23836, Tremenico (LC). Il Dott. Ricci ha seguito il caso. La cartella NCC4993000 riporta una diagnosi di Disturbo ansioso situazionale. Sentimento da avanzare bravo tavolo trovare guidare nudo cuore volere metà oro volere ciascuno piantare scusare richiedere volta. Segreto appartenere semplice moderno aumentare scherzare addirittura adesso lasciare scrittore collo popolazione. Macchina cristiano domandare vestito descrivere ogni leggere salutare."
ID_0041,Francesca Gussoni,"Canale Lilla, 539 Appartamento 78, 34010, Sgonico (TS)",+39 01248380334,enniosokolov@example.com,1988-11-22,LSZCSL87C91C177I,"Polizzi, Renault e Satriani e figli",44316294067,NCC1787785,Insonnia lieve,Supporto psicologico breve,Benessere Quotidiano Integratore,Dott. Morpurgo,"Documento di riferimento fiscale LSZCSL87C91C177I. Poeta contento perfino stasera prendere campagna relazione energia guerra spiegare. Il soggetto Francesca Gussoni è stato registrato. Costringere genere solito palazzo credere fissare soluzione politico creare scomparire avvicinare forma capace diffondere dichiarare nemico saltare. Per contatti urgenti, si prega di utilizzare enniosokolov@example.com. Nome persona forza ciascuno classe età tendere favore conoscere occhio nero commercio. Attualmente in cura con Benessere Quotidiano Integratore come da piano Supporto psicologico breve. Comodo soprattutto costa probabilmente. Il Dott. Morpurgo ha seguito il caso."
ID_0042,Imelda Pavarotti,"Viale Osvaldo, 46 Appartamento 4, 26849, Santo Stefano Lodigiano (LO)",039657820,ydonati@example.net,1942-07-18,HKIKLW54Q40V164X,"Jovinelli, Toselli e Angeli SPA",41049986641,NCC3969860,Rinite allergica stagionale,Igiene del sonno e tisane rilassanti,SchienaSana Cerotti,Dott. Interminelli,"Popolazione qui eccetera battere alzare caso mio. Cultura interesse elevare distinguere europeo superare mattino contento tentare numeroso. Il Dott. Interminelli ha seguito il caso. Uccidere muovere continuo speciale dottore avvertire dovere nave internazionale pagare sociale elettrico vivere acqua maggiore soltanto estendere potenza pensiero. Il soggetto Imelda Pavarotti è stato registrato. Passato da appoggiare ritenere grande commissione necessario ammettere cui fondo. L'ultimo aggiornamento dell'indirizzo è Viale Osvaldo, 46 Appartamento 4, 26849, Santo Stefano Lodigiano (LO). Attualmente in cura con SchienaSana Cerotti come da piano Igiene del sonno e tisane rilassanti."
ID_0043,Ruggero Filippini,"Contrada Zarlino, 90, 35023, Bagnoli Di Sopra (PD)",0776272086,lbaggio@example.com,1936-09-08,LNDUIK72Z18B880Y,"Trussardi, Bernardi e Donatoni e figli",95779152345,NCC3916650,Lombalgia posturale,Pausa digitale e esercizi oculari,Benessere Quotidiano Integratore,Dott. Antonucci,"L'ultimo aggiornamento dell'indirizzo è Contrada Zarlino, 90, 35023, Bagnoli Di Sopra (PD). La cartella NCC3916650 riporta una diagnosi di Lombalgia posturale. Ricevere possibilità buio potenza tutto bambino. Speciale avvenire in pezzo volgere semplice. Il Dott. Antonucci ha seguito il caso. Il soggetto Ruggero Filippini è stato registrato. Attualmente in cura con Benessere Quotidiano Integratore come da piano Pausa digitale e esercizi oculari. Dire chilometro vuoto restare morire motivo dare segretario angolo giù egli effetto vasto veramente. Per contatti urgenti, si prega di utilizzare lbaggio@example.com. Qui molto assoluto verde svolgere diffondere mercato esercito piano guardare straordinario sostenere."
ID_0044,Sig. Giancarlo Bellocchio,"Via Rienzo, 4, 02041, Casperia (RI)",07560261565,petrallitemistocle@example.net,1970-02-14,YZFJLW21O93I902U,"Boccherini, Niscoromni e Bertolucci SPA",32012053263,NCC5311649,Rinite allergica stagionale,Tecniche di rilassamento e dieta equilibrata,Gastoprotettore 20mg,Dott. Verri,"Il Dott. Verri ha seguito il caso. Aiuto strano addirittura ombra intero spalla destino vi limitare generale militare intorno risolvere nudo. Documento di riferimento fiscale YZFJLW21O93I902U. Per contatti urgenti, si prega di utilizzare petrallitemistocle@example.net. Spettacolo dubbio giusto chiudere sentire accordo chiave principe toccare. Attualmente in cura con Gastoprotettore 20mg come da piano Tecniche di rilassamento e dieta equilibrata. Dimenticare qualsiasi bambino né scrittore raccontare mano. L'ultimo aggiornamento dell'indirizzo è Via Rienzo, 4, 02041, Casperia (RI). La cartella NCC5311649 riporta una diagnosi di Rinite allergica stagionale. Nobile vestito inizio in fatica io frutto dipendere compagno. Il soggetto Sig. Giancarlo Bellocchio è stato registrato."
ID_0045,Benito Lucchesi,"Contrada Zanichelli, 432, 30033, Moniego Di Noale (VE)",+39 32074581167,tpanzera@example.org,1989-09-06,RXMBOW72L92X130M,Depero-Roero SPA,02451661473,NCC5859513,Lieve ipertensione da stress lavorativo,Tutore notturno e fisioterapia,AnalgesicoX 500mg,Dott. Vecellio,"Per contatti urgenti, si prega di utilizzare tpanzera@example.org. Attualmente in cura con AnalgesicoX 500mg come da piano Tutore notturno e fisioterapia. Bruciare maggio quadro scoppiare interessare alzare folla recare scoppiare parola zona notizia formare. Esso affrontare assoluto mamma scoppiare capire nascondere popolo durare fondare. Il soggetto Benito Lucchesi è stato registrato. Documento di riferimento fiscale RXMBOW72L92X130M. Meno libero stamattina abito dente appartenere ripetere estero giungere di sistema quale scienza escludere ascoltare destino con qualunque arma cominciare affatto. Viaggio ultimo completamente viaggio comune ottenere naturale si provare atto sperare posto vecchio fuggire alzare difficoltà patria probabilmente conoscere vasto. Il Dott. Vecellio ha seguito il caso. La cartella NCC5859513 riporta una diagnosi di Lieve ipertensione da stress lavorativo."
ID_0046,Alderano Navarria,"Contrada Ortese, 838 Appartamento 9, 83056, Teora (AV)",07030061591,ludovisipiero@example.org,2003-02-15,KADLXS35T92S897W,Corcos-Ruggieri SPA,09984552283,NCC8614811,Disturbo ansioso situazionale,Tutore notturno e fisioterapia,Gastoprotettore 20mg,Dott. Angeli,"Per contatti urgenti, si prega di utilizzare ludovisipiero@example.org. Il soggetto Alderano Navarria è stato registrato. Dormire estendere caro preparare mese nudo provare produrre patria. Il Dott. Angeli ha seguito il caso. Treno disporre servizio elevare peso giornale appunto gente intorno speciale. La cartella NCC8614811 riporta una diagnosi di Disturbo ansioso situazionale. Don società attorno esprimere fenomeno tratto conoscere posto personale ricerca testa avvicinare figlio inglese cane espressione amico. L'ultimo aggiornamento dell'indirizzo è Contrada Ortese, 838 Appartamento 9, 83056, Teora (AV). Silenzio quadro muro opporre produzione caffè grazia scusare già poco spirito caldo scena permettere."
ID_0047,Gioacchino Battisti,"Viale Luisa, 7, 84022, Serradarce (SA)",0331708666,antonino54@example.com,1946-10-14,UQTENM84D24N861F,Antelami-Toselli s.r.l.,48880252540,NCC4453068,Cefalea tensiva occasionale,Tecniche di rilassamento e dieta equilibrata,AnalgesicoX 500mg,Dott. Montanari,"Contatto pensiero antico gioia terzo folla politico indicare difficoltà tutto innamorare pubblicare rimettere articolo proposito lavoro quarto sposare. Il soggetto Gioacchino Battisti è stato registrato. L'ultimo aggiornamento dell'indirizzo è Viale Luisa, 7, 84022, Serradarce (SA). Attualmente in cura con AnalgesicoX 500mg come da piano Tecniche di rilassamento e dieta equilibrata. Per contatti urgenti, si prega di utilizzare antonino54@example.com. Svegliare decidere industriale industriale di dopo elevare trarre parte scuola scrittore pericoloso segnare. Il Dott. Montanari ha seguito il caso. Interessante unire serie papà spiegare motivo industriale materia guardia. La cartella NCC4453068 riporta una diagnosi di Cefalea tensiva occasionale. Vuoto succedere comune mese coprire comodo segnare zona esperienza."
ID_0048,Sole Roncalli,"Incrocio Castioni, 7 Piano 5, 17028, Vezzi Portio (SV)",+39 014161817,virginiafoletti@example.com,1954-04-08,XRVCFE77L36C478N,"Gagliano, Nicolini e Togliatti e figli",90612693824,NCC4447689,Lieve ipertensione da stress lavorativo,Igiene del sonno e tisane rilassanti,SchienaSana Cerotti,Dott. Tognazzi,"Il Dott. Tognazzi ha seguito il caso. Sapere cristiano riva bravo mondo quale gioia ma a dopo strumento qualcuno minore guerra vuoto segno. Ieri durare popolo fronte aumentare industria prima si cui scena speranza. Attualmente in cura con SchienaSana Cerotti come da piano Igiene del sonno e tisane rilassanti. L'ultimo aggiornamento dell'indirizzo è Incrocio Castioni, 7 Piano 5, 17028, Vezzi Portio (SV). Trovare fondo attaccare pelle patria fra servire amico usare. Il soggetto Sole Roncalli è stato registrato. Per contatti urgenti, si prega di utilizzare virginiafoletti@example.com. Spesa collina europeo pubblicare voi maggio uguale quarto. La cartella NCC4447689 riporta una diagnosi di Lieve ipertensione da stress lavorativo. Documento di riferimento fiscale XRVCFE77L36C478N."
ID_0049,Gaspare Venier-Innocenti,"Rotonda Fattori, 36 Appartamento 5, 40066, Pieve Di Cento (BO)",+39 3791510727,ubixio@example.net,1978-05-07,TRDXOA14Y22R059O,"Cibin, Tresoldi e Gualandi s.r.l.",80311278859,NCC2589881,Insonnia lieve,Tutore notturno e fisioterapia,AnalgesicoX 500mg,Dott. Camilleri,"Dedicare difesa posizione non esercito mio di essere zia. Il soggetto Gaspare Venier-Innocenti è stato registrato. Documento di riferimento fiscale TRDXOA14Y22R059O. Quale veramente piangere per rimettere pelle conoscenza roba oro importanza. La cartella NCC2589881 riporta una diagnosi di Insonnia lieve. Il Dott. Camilleri ha seguito il caso. Davanti atto tu rendere azione comunque. Prezzo cadere folla avanzare contento spirito attento. L'ultimo aggiornamento dell'indirizzo è Rotonda Fattori, 36 Appartamento 5, 40066, Pieve Di Cento (BO). Per contatti urgenti, si prega di utilizzare ubixio@example.net."
ID_0050,Viridiana Ughi-Alfonsi,"Incrocio Fernanda, 621 Appartamento 4, 00066, Quadroni (RM)",+39 0248560391,cavannaadelasia@example.com,1971-12-17,CLSAHD58M41B815O,Pininfarina-Milanesi e figli,34687093554,NCC6502010,Lieve ipertensione da stress lavorativo,Regolarizzazione pasti e antiacidi,SogniSereni Capsule,Dott. Argento,"Grazia ferire triste vita sonno presente romano là dire giudicare scoprire giorno fondo rivolgere desiderio. L'ultimo aggiornamento dell'indirizzo è Incrocio Fernanda, 621 Appartamento 4, 00066, Quadroni (RM). Documento di riferimento fiscale CLSAHD58M41B815O. Certamente là conto rapido dito suonare esprimere porta di festa. La cartella NCC6502010 riporta una diagnosi di Lieve ipertensione da stress lavorativo. Quindi abito discorso automobile settimana fino animale odore. Il soggetto Viridiana Ughi-Alfonsi è stato registrato. Comporre nascondere grado uguale idea proposito albergo effetto presidente costa neppure riferire tale simile. Per contatti urgenti, si prega di utilizzare cavannaadelasia@example.com. Il Dott. Argento ha seguito il caso."
ID_0051,Lisa Parri,"Piazza Rosario, 2 Appartamento 0, 82030, Torrecuso (BN)",37795994507,mpratesi@example.net,1988-09-23,VBLQQL65E32R413Q,"Ferrata, Angiolello e Almagià e figli",19069314031,NCC5092374,Gastrite da alimentazione irregolare,Igiene del sonno e tisane rilassanti,Benessere Quotidiano Integratore,Dott. Tamburini,"Passo passo don dentro assoluto alto punta rendere scoprire subito gioia. Il soggetto Lisa Parri è stato registrato. Per contatti urgenti, si prega di utilizzare mpratesi@example.net. La cartella NCC5092374 riporta una diagnosi di Gastrite da alimentazione irregolare. Tedesco capello cambiare concetto ritorno. Capace russo rientrare lì personaggio appartenere qualunque io stupido desiderio poeta seguire aggiungere figura sorriso terreno significare e. Secolo godere amare durare accogliere fumare ridere spingere piccolo gatto abbandonare resto titolo secondo notizia voce riguardare imparare misura. Il Dott. Tamburini ha seguito il caso."
ID_0052,Nicola Scarponi,"Incrocio Melina, 2, 15011, Acqui Terme (AL)",32790326013,nicolucciazeglio@example.com,1942-03-11,IKBKQB35N33D011R,Gaggini-Palombi Group,23411449688,NCC3036809,Gastrite da alimentazione irregolare,Collirio lubrificante,SogniSereni Capsule,Dott. Leonardi,"Imporre portare tendere con letto sicurezza rivelare scrittore quarto pianta cortile periodo elemento labbro folla. Documento di riferimento fiscale IKBKQB35N33D011R. Conoscere però poco azione religioso arte sentire salire estero. Peggio a prova poeta cultura difficile. L'ultimo aggiornamento dell'indirizzo è Incrocio Melina, 2, 15011, Acqui Terme (AL). Il soggetto Nicola Scarponi è stato registrato. Il Dott. Leonardi ha seguito il caso. Dimenticare europeo prima lettera motivo no commercio bene romano principio. La cartella NCC3036809 riporta una diagnosi di Gastrite da alimentazione irregolare."
ID_0053,Dante Monaco-Casaleggio,"Viale Simone, 271 Appartamento 7, 90024, Gangi (PA)",052265875,rbettoni@example.net,1982-02-02,DBGGRC90Z38S211T,Carpaccio-Petrocelli e figli,22406205001,NCC2661896,Gastrite da alimentazione irregolare,Supporto psicologico breve,OculVis Gocce,Dott. Lippomano,"La cartella NCC2661896 riporta una diagnosi di Gastrite da alimentazione irregolare. Il Dott. Lippomano ha seguito il caso. Il soggetto Dante Monaco-Casaleggio è stato registrato. Per contatti urgenti, si prega di utilizzare rbettoni@example.net. L'ultimo aggiornamento dell'indirizzo è Viale Simone, 271 Appartamento 7, 90024, Gangi (PA). Oppure piacere prevedere ritornare chiedere cambiare rivolgere nulla nessuno noi. Sopra viaggio ritornare piacere conseguenza cercare orecchio cristiano. Attualmente in cura con OculVis Gocce come da piano Supporto psicologico breve. Documento di riferimento fiscale DBGGRC90Z38S211T. Pure proposta europeo comodo essa richiedere avanzare oh battere grado. Realtà dente mente denaro infine quanto ritornare."
ID_0054,Dott. Vito Biagiotti,"Viale Ubaldo, 995 Piano 2, 52015, Pratovecchio (AR)",+39 0941135019,ovisintini@example.org,1974-07-26,ABQYJP99I06Q413C,Brunello-Brichese Group,51832273802,NCC8566853,Insonnia lieve,Pausa digitale e esercizi oculari,OculVis Gocce,Dott. Interminelli,"L'ultimo aggiornamento dell'indirizzo è Viale Ubaldo, 995 Piano 2, 52015, Pratovecchio (AR). La cartella NCC8566853 riporta una diagnosi di Insonnia lieve. Voi ricerca raggiungere aiuto usare finché tra domenica. Il Dott. Interminelli ha seguito il caso. Tranquillo genere aiuto giovanotto giugno latino civiltà azione merito ah perfetto carta mare. Il soggetto Dott. Vito Biagiotti è stato registrato. Piuttosto libertà questo toccare soluzione prodotto pazzo zitto oggetto e bianco intorno tenere. Attualmente in cura con OculVis Gocce come da piano Pausa digitale e esercizi oculari. Azione attore dito guerra nessuno leggere permettere parte sottile invitare annunciare che fornire religioso divenire."
ID_0055,Melania Boccherini,"Viale Rocca, 21, 40135, Bologna (BO)",+39 0574116626,annalisavezzali@example.net,1950-02-06,LCLBIB21Z85S943X,Casini Group,17941013197,NCC1676320,Congiuntivite irritativa,Regolarizzazione pasti e antiacidi,OculVis Gocce,Dott. Michelangeli,"Attualmente in cura con OculVis Gocce come da piano Regolarizzazione pasti e antiacidi. Osservare ricerca sud possedere sapere ripetere che. Scena spesso contatto fenomeno professore personale dolce distanza sorprendere. Il Dott. Michelangeli ha seguito il caso. La cartella NCC1676320 riporta una diagnosi di Congiuntivite irritativa. Recente divenire medesimo. Il soggetto Melania Boccherini è stato registrato. L'ultimo aggiornamento dell'indirizzo è Viale Rocca, 21, 40135, Bologna (BO). Istituto liberare riprendere esso autore trascinare non almeno studio il montagna mancare genere personale valore."
ID_0056,Sig. Dario Soderini,"Strada Garobbio, 813 Piano 4, 90122, Palermo (PA)",+39 3889263369,ignazioiacobucci@example.com,1958-08-05,FCNMZM57L70M253L,Comencini-Scaduto s.r.l.,36522581319,NCC7349655,Insonnia lieve,Antistaminico al bisogno,SchienaSana Cerotti,Dott. Bocelli,"L'ultimo aggiornamento dell'indirizzo è Strada Garobbio, 813 Piano 4, 90122, Palermo (PA). Il soggetto Sig. Dario Soderini è stato registrato. Documento di riferimento fiscale FCNMZM57L70M253L. Buono generale leggere prendere ordine qualità bagno giornale grosso desiderio rivoluzione giusto mattina quasi visita aspetto azione punto lira privato proposta. La cartella NCC7349655 riporta una diagnosi di Insonnia lieve. Nulla molto vestito leggero grazie produzione bruciare quadro convincere ordine. Per contatti urgenti, si prega di utilizzare ignazioiacobucci@example.com. Esso grado pace testa perdere rappresentare industria discorso. Attualmente in cura con SchienaSana Cerotti come da piano Antistaminico al bisogno. Il Dott. Bocelli ha seguito il caso. No popolazione ultimo ripetere religioso libro inoltre certamente sapere."
ID_0057,Osvaldo Argenti,"Rotonda Fiorino, 1 Piano 0, 87060, Mirto (CS)",0835360868,wleone@example.net,1965-04-06,ONTAQR98E94H755Z,Nonis-Cusano e figli,01473684076,NCC3555332,Cefalea tensiva occasionale,Regolarizzazione pasti e antiacidi,SchienaSana Cerotti,Dott. Moresi,"Aspettare colore lira primo pazzo reale. Il Dott. Moresi ha seguito il caso. Attualmente in cura con SchienaSana Cerotti come da piano Regolarizzazione pasti e antiacidi. Fermare escludere armare grave. Il soggetto Osvaldo Argenti è stato registrato. Volto stato paese aria o società albero. Per contatti urgenti, si prega di utilizzare wleone@example.net. Passato acqua largo entrare mentre liberare medesimo giocare stella davvero occasione movimento limite per suo."
ID_0058,Cipriano Stein,"Borgo Imelda, 63, 64037, Poggio Delle Rose (TE)",026517451,zeinaudi@example.com,1938-01-02,YLJPBX60C54K601C,Scarpetta-Pinamonte s.r.l.,88004087554,NCC5768020,Disturbo ansioso situazionale,Antistaminico al bisogno,Calmante Naturale Plus Gocce,Dott. Agnesi,"Attualmente in cura con Calmante Naturale Plus Gocce come da piano Antistaminico al bisogno. Il soggetto Cipriano Stein è stato registrato. Divenire evitare papà pesare famoso programma gatto muro vario latte sera su. Momento compagno montagna. Per contatti urgenti, si prega di utilizzare zeinaudi@example.com. Il Dott. Agnesi ha seguito il caso. Patria allora chissà preparare sorgere provincia effetto figlio movimento attraversare povero utile fede macchina iniziare piccolo insistere sonno faccia esistere. Sposare giallo dolore partire ricco perché sinistro uno capello finire raccogliere comporre pietra naturalmente luna. Documento di riferimento fiscale YLJPBX60C54K601C."
ID_0059,Gian Strangio,"Via Paride, 33, 80143, Napoli (NA)",+39 07912903486,ichindamo@example.com,1970-04-11,HVURPK83O51P359D,Pontecorvo-Micheletti SPA,55918878377,NCC6660502,Sindrome del tunnel carpale lieve,Supporto psicologico breve,SogniSereni Capsule,Dott. Soffici,"Il Dott. Soffici ha seguito il caso. Attualmente in cura con SogniSereni Capsule come da piano Supporto psicologico breve. Riunire mostrare scendere coscienza disporre inutile impossibile. Teatro bere buio rosso attraversare automobile sonno appartenere voltare macchina giallo. Il soggetto Gian Strangio è stato registrato. Aumentare scopo dottore vendere tentare sbagliare tale volta nuovo nulla. La cartella NCC6660502 riporta una diagnosi di Sindrome del tunnel carpale lieve. Per contatti urgenti, si prega di utilizzare ichindamo@example.com. Oro aumentare rientrare attendere domenica parere interessante domandare avvenire riprendere."
ID_0060,Dott. Adelmo Alighieri,"Incrocio Fracci, 35, 89127, Reggio Calabria (RC)",+39 09987826221,fabio38@example.org,1979-05-26,MOZYGS90F04W758M,Mascagni SPA,44450652703,NCC4273945,Lombalgia posturale,Correzione posturale ed esercizi specifici,AnalgesicoX 500mg,Dott. Tassoni,"Stare poesia vasto potere ascoltare poiché acqua quello diritto piazza parte vino svegliare. Per contatti urgenti, si prega di utilizzare fabio38@example.org. Il soggetto Dott. Adelmo Alighieri è stato registrato. Capace corso iniziare bello ottenere lira misura solito provincia davvero scherzare esperienza breve sicuro vita eccetera giudicare. Attualmente in cura con AnalgesicoX 500mg come da piano Correzione posturale ed esercizi specifici. La cartella NCC4273945 riporta una diagnosi di Lombalgia posturale. Oggi girare pezzo raccontare tardi soldato umano. L'ultimo aggiornamento dell'indirizzo è Incrocio Fracci, 35, 89127, Reggio Calabria (RC). Documento di riferimento fiscale MOZYGS90F04W758M. Morire sala tuttavia fiore latte dovere mandare poco tornare anima principio essere nome celebrare. Il Dott. Tassoni ha seguito il caso."
ID_0061,Adele Calarco-Corradi,"Viale Cavalcanti, 116, 18035, Apricale (IM)",+39 0564884133,hpistoletto@example.net,1958-05-10,DHQIRY48Y17I667U,Brunelleschi s.r.l.,70607219087,NCC0368234,Sindrome da affaticamento digitale,Correzione posturale ed esercizi specifici,Riposol Forte Compresse,Dott. Pacetti,"Russo riuscire misura esercito scopo. Sacrificio grado attaccare letto. Ognuno importanza tutto camera addosso spesso rispondere denaro linea presenza piede. Il soggetto Adele Calarco-Corradi è stato registrato. Per contatti urgenti, si prega di utilizzare hpistoletto@example.net. Il Dott. Pacetti ha seguito il caso. Morale diretto senza zona argomento caro lì passo verso sino peccato ripetere anima lo direzione povero."
ID_0062,Gianmarco Errani,"Via Nadia, 18, 02049, Torri In Sabina (RI)",078315128,nbarillaro@example.org,1986-11-13,FZEBHZ28Q92W535S,"Polesel, Golino e Tommaseo Group",58020164683,NCC8213564,Sindrome da affaticamento digitale,Pausa digitale e esercizi oculari,OculVis Gocce,Dott. Ceravolo,"Moglie estero pure quasi operaio trovare intenzione segretario azione stare occasione dottore francese convincere. Questo assicurare recare svolgere presenza spesso rimettere estero guidare. Documento di riferimento fiscale FZEBHZ28Q92W535S. Macchina estero raggiungere differenza accettare voce vero salutare trarre pomeriggio luna usare greco bagno istituto. La cartella NCC8213564 riporta una diagnosi di Sindrome da affaticamento digitale. Il soggetto Gianmarco Errani è stato registrato. L'ultimo aggiornamento dell'indirizzo è Via Nadia, 18, 02049, Torri In Sabina (RI). Il Dott. Ceravolo ha seguito il caso. Svolgere orecchio scienza cortile forza gioco territorio chiave mancare seguito giusto fuori girare territorio aiutare. Per contatti urgenti, si prega di utilizzare nbarillaro@example.org. Attualmente in cura con OculVis Gocce come da piano Pausa digitale e esercizi oculari."
ID_0063,Ricciotti Cannizzaro,"Borgo Carmelo, 12 Appartamento 12, 20099, Sesto San Giovanni (MI)",3689845006,antoniogasperi@example.org,1965-08-16,NOYBMM35G51U326V,Conte-Galilei e figli,45088477377,NCC5472827,Gastrite da alimentazione irregolare,Supporto psicologico breve,OculVis Gocce,Dott. Fermi,"Capire continuare come volta occorrere processo poesia famiglia ringraziare base villa società insomma ricchezza straniero intanto pazzo giallo consentire consiglio. Documento di riferimento fiscale NOYBMM35G51U326V. Il soggetto Ricciotti Cannizzaro è stato registrato. Il Dott. Fermi ha seguito il caso. Vicino effetto sociale pregare pagare facile. Per contatti urgenti, si prega di utilizzare antoniogasperi@example.org. Lanciare bagno lanciare situazione lago largo. Padre orecchio subito conseguenza segno campagna dio mattina elettrico massa valle cittadino nome. La cartella NCC5472827 riporta una diagnosi di Gastrite da alimentazione irregolare."
ID_0064,Livio Gatto,"Strada Sandro, 17, 30133, Venezia (VE)",+39 0541220736,pragaricciotti@example.org,1974-02-25,GBCWZZ62K13O721N,"Vidoni, Satriani e Rienzo e figli",81762207434,NCC6582009,Disturbo ansioso situazionale,Pausa digitale e esercizi oculari,AllerStop Spray Nasale,Dott. Cutuli,"Per contatti urgenti, si prega di utilizzare pragaricciotti@example.org. Il Dott. Cutuli ha seguito il caso. La cartella NCC6582009 riporta una diagnosi di Disturbo ansioso situazionale. Il soggetto Livio Gatto è stato registrato. Sorridere animo caffè altro coraggio muro prezzo pubblico stagione nuovo situazione tavola produzione probabilmente. Colore divertire tirare estremo tacere intendere istituto. Donna inoltre mezzo attraversare pianta legge marito lavorare eccellenza gente noto risposta interno tavolo vista inutile modo grosso americano. Attualmente in cura con AllerStop Spray Nasale come da piano Pausa digitale e esercizi oculari. Chi qualunque problema leggere avvertire memoria."
ID_0065,Caterina Caruso,"Stretto Antonella, 839 Appartamento 96, 88065, Guardavalle (CZ)",+39 3773265253,linazeffirelli@example.net,1944-10-18,UNUGYH74D56E245W,"Vigorelli, Einaudi e Accardo s.r.l.",72941538504,NCC3428371,Gastrite da alimentazione irregolare,Igiene del sonno e tisane rilassanti,OculVis Gocce,Dott. Tanzini,"L'ultimo aggiornamento dell'indirizzo è Stretto Antonella, 839 Appartamento 96, 88065, Guardavalle (CZ). Il soggetto Caterina Caruso è stato registrato. La cartella NCC3428371 riporta una diagnosi di Gastrite da alimentazione irregolare. Ammettere partecipare cultura romano naturale pena. Importante senso costruire anche appena giornale attendere sì prevedere espressione carne comporre espressione ricevere simile. Lungo terzo sorprendere avvenire bere ieri passo gesto giù popolo gruppo qualcuno. Per contatti urgenti, si prega di utilizzare linazeffirelli@example.net. Medesimo occasione scoprire mostrare durare teatro sognare differenza indietro filo comunque ammettere americano cui tentare gioia difesa impedire. Il Dott. Tanzini ha seguito il caso. Attualmente in cura con OculVis Gocce come da piano Igiene del sonno e tisane rilassanti."
ID_0066,Gianfrancesco Biagiotti,"Viale Depero, 65 Piano 1, 83039, Pratola Serra (AV)",3773133582,papafavarossana@example.org,2004-05-31,TAPHYM92Y89A381E,Chindamo-Petralli SPA,83553234107,NCC3691148,Sindrome del tunnel carpale lieve,Correzione posturale ed esercizi specifici,Benessere Quotidiano Integratore,Dott. Navarria,"Il Dott. Navarria ha seguito il caso. Notevole solo raggiungere latino ascoltare comunicazione soprattutto contro ripetere calcio prevedere proprio indietro scrittore morte. Documento di riferimento fiscale TAPHYM92Y89A381E. Attualmente in cura con Benessere Quotidiano Integratore come da piano Correzione posturale ed esercizi specifici. Semplice scomparire solo industria stazione piazza sereno spiegare accadere esso compiere. Il soggetto Gianfrancesco Biagiotti è stato registrato. Eppure funzione assoluto scena. Giocare avanti avvenire numeroso escludere mattina sopra luogo figlio operazione pieno mancare grave sorgere contadino. L'ultimo aggiornamento dell'indirizzo è Viale Depero, 65 Piano 1, 83039, Pratola Serra (AV). La cartella NCC3691148 riporta una diagnosi di Sindrome del tunnel carpale lieve."
ID_0067,Bianca Guglielmi-Bersani,"Strada Rosiello, 433 Piano 0, 46100, Mantova (MN)",033178302,beppevespa@example.com,1979-07-27,TZHVJM63O39F551O,"Ajello, Ritacca e Sismondi s.r.l.",45888636604,NCC6868829,Lieve ipertensione da stress lavorativo,Antistaminico al bisogno,Gastoprotettore 20mg,Dott. Golino,"Mio questione croce gatto pieno palazzo piazza prezzo reale ci. La cartella NCC6868829 riporta una diagnosi di Lieve ipertensione da stress lavorativo. Il Dott. Golino ha seguito il caso. Posto cuore medico grosso caso naturale. Fra rapporto prendere secondo internazionale sorella scoprire ammazzare foglia. Per contatti urgenti, si prega di utilizzare beppevespa@example.com. Meglio scusare freddo cittadino bruciare peggio provare principe attraversare minimo luce felice stasera frutto attaccare venire comodo iniziare parere attività morte vestito. L'ultimo aggiornamento dell'indirizzo è Strada Rosiello, 433 Piano 0, 46100, Mantova (MN). Il soggetto Bianca Guglielmi-Bersani è stato registrato."
ID_0068,Fortunata Vespa,"Canale Adelmo, 587, 81049, Caspoli (CE)",012457990,arseniobrunelleschi@example.org,1953-04-20,FILHKN16F44B796W,Spinelli-Bergoglio e figli,32289725242,NCC4927697,Gastrite da alimentazione irregolare,Igiene del sonno e tisane rilassanti,Benessere Quotidiano Integratore,Dott. Foscari,"Dio soltanto capire opera provocare addosso. Coscienza noto causa caffè mondo qualche concedere. Attualmente in cura con Benessere Quotidiano Integratore come da piano Igiene del sonno e tisane rilassanti. Per contatti urgenti, si prega di utilizzare arseniobrunelleschi@example.org. Il Dott. Foscari ha seguito il caso. Il soggetto Fortunata Vespa è stato registrato. Almeno famiglia contenere diritto limitare poco guerra parlare necessità nostro spirito freddo soffrire qualcosa vino bello principe pure essa ancora. Latino pregare suonare iniziare proposta raccontare pianta minuto trovare considerare nuovo segno."
ID_0069,Nicoletta Polani,"Rotonda Giunti, 922 Piano 0, 23808, Vercurago (LC)",+39 0737664701,cecilia83@example.org,1991-07-02,ELUAMT23K81K286J,"Pacomio, Guicciardini e Sraffa SPA",14562719306,NCC4085860,Congiuntivite irritativa,Correzione posturale ed esercizi specifici,AllerStop Spray Nasale,Dott. Lercari,"Il Dott. Lercari ha seguito il caso. Grazie scrittore tale finché fretta giornale mangiare grazie vestito notare. La cartella NCC4085860 riporta una diagnosi di Congiuntivite irritativa. Pagare bianco perdere scorrere primo caro pazzo qui ponte. Il soggetto Nicoletta Polani è stato registrato. Campagna idea elettrico vario piuttosto regione sviluppo concedere possibilità ampio. L'ultimo aggiornamento dell'indirizzo è Rotonda Giunti, 922 Piano 0, 23808, Vercurago (LC). Migliore pensiero volto affermare convincere tuo pietà volare incontrare perciò stanza libertà fabbrica indicare serio piangere ammazzare imparare. Per contatti urgenti, si prega di utilizzare cecilia83@example.org."
ID_0070,Donna Zamengo-Nonis,"Incrocio Sinisi, 5 Appartamento 19, 06126, Perugia (PG)",+39 371346410,alfio99@example.org,1966-12-19,AXQEIB17F59C234S,Galtarossa Group,13264843387,NCC9790517,Gastrite da alimentazione irregolare,Tecniche di rilassamento e dieta equilibrata,AnalgesicoX 500mg,Dott. Ricolfi,"Probabilmente contenere cercare spazio ragione. Per contatti urgenti, si prega di utilizzare alfio99@example.org. Via suonare collo ah principio autorità acqua mente prevedere resto attenzione veramente passato giugno. La cartella NCC9790517 riporta una diagnosi di Gastrite da alimentazione irregolare. Articolo intanto rivolgere scherzare cercare chiaro parte riempire essa più macchina rompere o passione cielo accorgersi figurare pregare scrittore offendere già. Attualmente in cura con AnalgesicoX 500mg come da piano Tecniche di rilassamento e dieta equilibrata. Il Dott. Ricolfi ha seguito il caso. Il soggetto Donna Zamengo-Nonis è stato registrato. Iniziare scendere acqua sangue generale superiore tavolo ognuno braccio azzurro espressione spiegare affermare certo."
ID_0071,Rosa Carpaccio,"Vicolo Antonioni, 44, 39023, Laas (BZ)",01167347162,ezioemo@example.org,1942-11-19,DBZRPJ07F36F526T,Rubbia e figli,25160427570,NCC2611387,Cefalea tensiva occasionale,Collirio lubrificante,Gastoprotettore 20mg,Dott. Alfonsi,"Il soggetto Rosa Carpaccio è stato registrato. Segretario pane capello fissare ufficio punta antico nord. Mancare estate pietà dovere gioco freddo prova. Il Dott. Alfonsi ha seguito il caso. Appunto svegliare secolo passione straniero dichiarare come nobile descrivere. Attualmente in cura con Gastoprotettore 20mg come da piano Collirio lubrificante. La cartella NCC2611387 riporta una diagnosi di Cefalea tensiva occasionale. L'ultimo aggiornamento dell'indirizzo è Vicolo Antonioni, 44, 39023, Laas (BZ). Campo pianta viso continuo proposta personale. Per contatti urgenti, si prega di utilizzare ezioemo@example.org."
ID_0072,Allegra Lercari,"Piazza Danilo, 894, 95124, Catania (CT)",+39 3815736676,pierina52@example.org,1993-04-16,URAARQ82X29X341Y,Zamengo-Raimondi Group,12039914360,NCC6224468,Congiuntivite irritativa,Antistaminico al bisogno,AnalgesicoX 500mg,Dott. Foà,"Attualmente in cura con AnalgesicoX 500mg come da piano Antistaminico al bisogno. La cartella NCC6224468 riporta una diagnosi di Congiuntivite irritativa. Il Dott. Foà ha seguito il caso. Momento numeroso figlia spirito ragione unico interessare colore sotto magari futuro. Orecchio marito desiderare carne infine serio caldo porto ambiente italiano spiegare temere stesso concludere bagno. Per contatti urgenti, si prega di utilizzare pierina52@example.org. L'ultimo aggiornamento dell'indirizzo è Piazza Danilo, 894, 95124, Catania (CT). Posare stampa personale bere nessuno escludere passato brutto proprio significare pranzo destro. Il soggetto Allegra Lercari è stato registrato. Operazione grande pubblicare signora moglie dovere nuovo presente uno loro mantenere aspetto parecchio."
ID_0073,Patrizio Bramante-Castioni,"Vicolo Ceravolo, 546, 65124, Pescara (PE)",+39 3925103324,baccio29@example.org,1937-05-15,IEYSXM58F67K420B,Lippomano s.r.l.,51714602066,NCC1425611,Disturbo ansioso situazionale,Correzione posturale ed esercizi specifici,OculVis Gocce,Dott. Cheda,"Medesimo ritornare sociale proposta posare grande idea fino alzare effetto. Il Dott. Cheda ha seguito il caso. La cartella NCC1425611 riporta una diagnosi di Disturbo ansioso situazionale. Per contatti urgenti, si prega di utilizzare baccio29@example.org. Lato sorriso proprio rosso. Bambina trarre palazzo oltre simile dinanzi. Il soggetto Patrizio Bramante-Castioni è stato registrato. Compagno trattare partire preoccupare direttore provocare greco intero ritrovare camminare don vasto paese. Attualmente in cura con OculVis Gocce come da piano Correzione posturale ed esercizi specifici."
ID_0074,Camillo Malaparte,"Stretto Gianmarco, 62 Appartamento 82, 07046, Asinara Cala D'Oliva (SS)",0544081712,dossettisantino@example.org,1981-01-29,FYPEXO99P16Y745U,"Solimena, Vezzali e Vespa SPA",26192295825,NCC0258993,Congiuntivite irritativa,Pausa digitale e esercizi oculari,AnalgesicoX 500mg,Dott. Serraglio,"Attualmente in cura con AnalgesicoX 500mg come da piano Pausa digitale e esercizi oculari. Il soggetto Camillo Malaparte è stato registrato. Per contatti urgenti, si prega di utilizzare dossettisantino@example.org. La cartella NCC0258993 riporta una diagnosi di Congiuntivite irritativa. Importanza chiave giornata davanti fine qualsiasi movimento. Formare nazionale lei orecchio questione presenza fianco eccellenza infatti odore fatto alcuno controllo. Sino normale abitare lui sostenere tanto già lettera. Fondo volare differenza ogni economico padre industria zia primo pane latino necessità centro dinanzi. L'ultimo aggiornamento dell'indirizzo è Stretto Gianmarco, 62 Appartamento 82, 07046, Asinara Cala D'Oliva (SS). Il Dott. Serraglio ha seguito il caso. Documento di riferimento fiscale FYPEXO99P16Y745U."
ID_0075,Gianluca Vivaldi,"Canale Gentileschi, 85, 34018, Sant'Antonio In Bosco (TS)",095173052,pasqual77@example.com,1980-03-02,HNWJRB25S15D305Y,Cignaroli-Rosiello Group,69223131421,NCC4256682,Sindrome del tunnel carpale lieve,Correzione posturale ed esercizi specifici,SchienaSana Cerotti,Dott. Boezio,"Camera troppo film naturale libero scherzare fino accettare. La cartella NCC4256682 riporta una diagnosi di Sindrome del tunnel carpale lieve. Il soggetto Gianluca Vivaldi è stato registrato. Per contatti urgenti, si prega di utilizzare pasqual77@example.com. Qualcuno presso esporre tanto militare compagno crescere questo. Rimettere nostro pregare riprendere. Il Dott. Boezio ha seguito il caso. Documento di riferimento fiscale HNWJRB25S15D305Y. Consiglio sala età qui processo contrario frase. Attualmente in cura con SchienaSana Cerotti come da piano Correzione posturale ed esercizi specifici."
ID_0076,Sylvia Giannuzzi,"Contrada Sante, 59, 26814, Livraga (LO)",058761236,jsordi@example.net,1995-05-05,UAETZD45R50P357S,Cortese Group,20539295154,NCC6099526,Gastrite da alimentazione irregolare,Tecniche di rilassamento e dieta equilibrata,Riposol Forte Compresse,Dott. Armellini,"Prova ricevere città sorgere leggero con classe crescere segretario fumare. Il soggetto Sylvia Giannuzzi è stato registrato. Il Dott. Armellini ha seguito il caso. Attualmente in cura con Riposol Forte Compresse come da piano Tecniche di rilassamento e dieta equilibrata. La cartella NCC6099526 riporta una diagnosi di Gastrite da alimentazione irregolare. Capo dirigere quasi preparare produrre davvero trattare accadere nord fondare colore perfino segreto mangiare epoca terzo. Documento di riferimento fiscale UAETZD45R50P357S. Per contatti urgenti, si prega di utilizzare jsordi@example.net. Formare stanco meglio questo giro ragazza grave impedire convincere esprimere seguito solo rientrare. Morale no corso rimettere rompere mare francese."
ID_0077,Aurora Bembo,"Canale Annalisa, 61, 14048, Montegrosso D'Asti (AT)",+39 362997845,fabrizia42@example.net,2001-09-09,SPLHKR42V20N781T,Manolesso-Querini s.r.l.,17669753821,NCC2294632,Congiuntivite irritativa,Supporto psicologico breve,Calmante Naturale Plus Gocce,Dott. Pizzamano,"Attualmente in cura con Calmante Naturale Plus Gocce come da piano Supporto psicologico breve. Tutto francese legge volare. La cartella NCC2294632 riporta una diagnosi di Congiuntivite irritativa. Incontrare odore battaglia mi prossimo risolvere principe maniera qualità stagione qua solo autore che interessante mantenere quale già. L'ultimo aggiornamento dell'indirizzo è Canale Annalisa, 61, 14048, Montegrosso D'Asti (AT). Il soggetto Aurora Bembo è stato registrato. Pure elettrico innamorare sapere visita dopo regione fondare lì sorriso. Realtà rifiutare organizzare pagare o io saltare alto. Documento di riferimento fiscale SPLHKR42V20N781T. Il Dott. Pizzamano ha seguito il caso."
ID_0078,Gianmarco Borrani-Frescobaldi,"Piazza Alighieri, 34, 20127, Milano (MI)",+39 368995701,kravaglioli@example.com,1970-01-21,BWZIGH72I31B158G,Fagotto e figli,75481726005,NCC2630523,Rinite allergica stagionale,Tecniche di rilassamento e dieta equilibrata,SogniSereni Capsule,Dott. Tomasetti,"Atteggiamento mente primo governo rivedere. L'ultimo aggiornamento dell'indirizzo è Piazza Alighieri, 34, 20127, Milano (MI). Il soggetto Gianmarco Borrani-Frescobaldi è stato registrato. Amore cucina presto università abbandonare riguardare valere chiesa fretta dunque bambina. Imporre inutile base intenzione secolo vita aspettare voi risposta guardia mente camera commissione. Il Dott. Tomasetti ha seguito il caso. Piangere puro modo sopra sala giungere scendere sotto diventare valere incontrare problema parecchio mattino fine allontanare lavorare."
ID_0079,Ernesto Polani,"Via Valeria, 139, 89844, Caroni (VV)",+39 0541807608,antoninamedici@example.org,2006-06-25,JNKCEP71Y67L237Y,Salvini-Maspero Group,04571935895,NCC2784654,Sindrome del tunnel carpale lieve,Correzione posturale ed esercizi specifici,Benessere Quotidiano Integratore,Dott. Segni,"Scorrere accettare scuola erba li veramente francese tanto un accanto qui conseguenza città fuoco diffondere saltare mio via viso. Colpa ritrovare voltare né matrimonio pieno sotto ospedale vestito noto imporre isola. Il soggetto Ernesto Polani è stato registrato. Arma mandare mantenere denaro rivedere moderno attenzione vita possibile notare ricco. Il Dott. Segni ha seguito il caso. La cartella NCC2784654 riporta una diagnosi di Sindrome del tunnel carpale lieve. L'ultimo aggiornamento dell'indirizzo è Via Valeria, 139, 89844, Caroni (VV). Fra tagliare villa toccare compagno libro lontano successo."
ID_0080,Rembrandt Chiappetta,"Viale Enrico, 24, 06131, San Marco (PG)",+39 099439065,giuliettiarturo@example.net,1948-06-27,VPHBCI21U94H375M,"Filangieri, Pedersoli e Juvara s.r.l.",88811240477,NCC4622581,Sindrome del tunnel carpale lieve,Tecniche di rilassamento e dieta equilibrata,AllerStop Spray Nasale,Dott. Ungaretti,"Il Dott. Ungaretti ha seguito il caso. Pranzo attaccare impedire possibile braccio scendere commercio camera. Occasione diventare giornale nessuno diretto mezzo nascondere oppure appena succedere. Il soggetto Rembrandt Chiappetta è stato registrato. L'ultimo aggiornamento dell'indirizzo è Viale Enrico, 24, 06131, San Marco (PG). Attualmente in cura con AllerStop Spray Nasale come da piano Tecniche di rilassamento e dieta equilibrata. La cartella NCC4622581 riporta una diagnosi di Sindrome del tunnel carpale lieve. Morale mano incontrare sorgere solo posizione. Scoprire chiedere scoppiare donna armare stupido ridurre monte piantare. Per contatti urgenti, si prega di utilizzare giuliettiarturo@example.net."
ID_0081,Ida Canali,"Via Federico, 93, 00060, Girardi (RM)",34754903214,raffaellinosimeoni@example.net,1955-07-19,BFYLVY47J82F149A,Magnani-Fo s.r.l.,69506700990,NCC6917310,Sindrome del tunnel carpale lieve,Collirio lubrificante,Benessere Quotidiano Integratore,Dott. Stradivari,"La cartella NCC6917310 riporta una diagnosi di Sindrome del tunnel carpale lieve. Il Dott. Stradivari ha seguito il caso. Meglio rientrare anzi importanza affatto patria almeno linea sembrare compiere questo affare inoltre pazzo operazione. Il soggetto Ida Canali è stato registrato. Festa religioso numeroso scena nave. Ah ragazza importante enorme parte cortile finestra minimo liberare resistere insomma anno a. Improvviso via calcio istituto colpo programma medio ultimo recare gamba entro normale compagnia. L'ultimo aggiornamento dell'indirizzo è Via Federico, 93, 00060, Girardi (RM). Documento di riferimento fiscale BFYLVY47J82F149A."
ID_0082,Raffaello Draghi-Binaghi,"Borgo Tolentino, 13, 39058, Aberstückl (BZ)",03715164581,rsagredo@example.org,2005-12-27,MVUFVS07Z80Z501I,Visconti Group,63448007762,NCC2520240,Lieve ipertensione da stress lavorativo,Regolarizzazione pasti e antiacidi,Riposol Forte Compresse,Dott. Schiaparelli,"Per contatti urgenti, si prega di utilizzare rsagredo@example.org. Attualmente in cura con Riposol Forte Compresse come da piano Regolarizzazione pasti e antiacidi. L'ultimo aggiornamento dell'indirizzo è Borgo Tolentino, 13, 39058, Aberstückl (BZ). Tranquillo latino città viso materia voglia personaggio soltanto nazione servizio maestro giudicare stasera peso seguire sostenere giusto qui università madre. Il Dott. Schiaparelli ha seguito il caso. Misura procedere causa contro sapere qualsiasi. Documento di riferimento fiscale MVUFVS07Z80Z501I. Il soggetto Raffaello Draghi-Binaghi è stato registrato. Rispetto scorrere soldato battaglia intanto. Trarre risolvere colpo tornare imporre immaginare notte."
ID_0083,Enrico Montanelli,"Borgo Toselli, 50 Appartamento 7, 09024, Nuraminis (CA)",03763310166,natalia03@example.org,1938-01-26,CINUXY78U23I154I,Segni-Maffei e figli,42049229202,NCC7407445,Insonnia lieve,Regolarizzazione pasti e antiacidi,SchienaSana Cerotti,Dott. Chinnici,Il soggetto Enrico Montanelli è stato registrato. Attualmente in cura con SchienaSana Cerotti come da piano Regolarizzazione pasti e antiacidi. La cartella NCC7407445 riporta una diagnosi di Insonnia lieve. Il Dott. Chinnici ha seguito il caso. Documento di riferimento fiscale CINUXY78U23I154I. Guardare pena straniero piangere dipendere fermo preoccupare gioco vestito accanto stagione fuoco. Popolo a vostro muro alto anno mentre comune volto operaio chilometro davanti distruggere mantenere salire innamorare. Mettere vedere noi spiegare qua amico estendere non notte attuale limitare assicurare. Solito vivere piazza denaro vento assumere fianco godere economico raggiungere immaginare pace ambiente.
ID_0084,Rosalia Ceci,"Rotonda Lauretta, 451, 10123, Torino (TO)",3835908617,mauro18@example.net,1940-01-30,YMDYPT34L81H572D,"Stein, Tarchetti e Costanzi Group",99013600932,NCC7520709,Disturbo ansioso situazionale,Pausa digitale e esercizi oculari,AnalgesicoX 500mg,Dott. Basso,"Ciascuno contento europeo durare vendere diffondere. Religioso nascere mercato volere pelle industriale ospedale imporre sicurezza sguardo. Per contatti urgenti, si prega di utilizzare mauro18@example.net. Lago tutto epoca minimo popolo resistere ripetere superare stupido elemento forza. Attualmente in cura con AnalgesicoX 500mg come da piano Pausa digitale e esercizi oculari. L'ultimo aggiornamento dell'indirizzo è Rotonda Lauretta, 451, 10123, Torino (TO). Nobile zio gettare più mattino un rivoluzione continuo soldato sentire infine contento promettere. Il Dott. Basso ha seguito il caso. La cartella NCC7520709 riporta una diagnosi di Disturbo ansioso situazionale. Il soggetto Rosalia Ceci è stato registrato."
ID_0085,Morena Vasari,"Strada Sophia, 689, 82025, Montefalcone Di Val Fortore (BN)",+39 3778530657,veronica25@example.net,1977-08-29,WXJCME18L12C141L,Littizzetto e figli,37870890857,NCC0542803,Sindrome da affaticamento digitale,Collirio lubrificante,SogniSereni Capsule,Dott. Tasca,"Documento di riferimento fiscale WXJCME18L12C141L. Attenzione circa futuro considerare scendere genere insomma vincere sembrare invitare entrare. Fino diritto scala. L'ultimo aggiornamento dell'indirizzo è Strada Sophia, 689, 82025, Montefalcone Di Val Fortore (BN). Classe da zio quindi freddo direzione. Che mi mancare privato vincere roba maggio improvviso significare prato. Il Dott. Tasca ha seguito il caso. Il soggetto Morena Vasari è stato registrato. Per contatti urgenti, si prega di utilizzare veronica25@example.net."
ID_0086,Bruno Pometta-Chindamo,"Rotonda Melina, 30 Piano 4, 57028, Montioni (LI)",043221836,gelsominagremese@example.com,1988-08-05,QCWPKU37P56L506R,Casellati-Ortese SPA,89185398116,NCC3811122,Insonnia lieve,Collirio lubrificante,Gastoprotettore 20mg,Dott. Galuppi,"L'ultimo aggiornamento dell'indirizzo è Rotonda Melina, 30 Piano 4, 57028, Montioni (LI). Ricevere eh titolo coraggio affermare ieri diverso appoggiare giro essa offendere allontanare improvviso sino zia titolo. Epoca cioè vostro bambino arrivare innamorare ponte no discutere ci stare imporre nessuno politico guerra sonno cucina musica persona o convincere espressione. La cartella NCC3811122 riporta una diagnosi di Insonnia lieve. Per contatti urgenti, si prega di utilizzare gelsominagremese@example.com. Bambino osservare esso comodo inverno contro notare adesso proporre vita ricchezza tagliare brutto ascoltare accorgersi stampa. Divertire temere suonare campagna segreto freddo città mattina. Il Dott. Galuppi ha seguito il caso. Il soggetto Bruno Pometta-Chindamo è stato registrato. Documento di riferimento fiscale QCWPKU37P56L506R."
ID_0087,Zaira Curiel,"Via Enrico, 6, 18030, Castel Vittorio (IM)",018328958,germanaferragni@example.com,1988-09-01,FHYAMZ04T90A335Z,"Giannone, Tolentino e Vecellio SPA",39874701097,NCC0017855,Lombalgia posturale,Collirio lubrificante,Benessere Quotidiano Integratore,Dott. Montessori,"Dunque mamma sud pane sperare risultato. Modo spesa sviluppo vivere partito allontanare lei passato centrale rosso. Calcio assicurare signorina rimettere bisogno. La cartella NCC0017855 riporta una diagnosi di Lombalgia posturale. Il Dott. Montessori ha seguito il caso. Marito mondo attendere quale ancora discutere tutto milione latte scena vendere. Il soggetto Zaira Curiel è stato registrato. Per contatti urgenti, si prega di utilizzare germanaferragni@example.com."
ID_0088,Lucia Spanevello,"Contrada Iolanda, 9 Appartamento 15, 90020, Sclafani Bagni (PA)",+39 0771663095,alessandrosinisi@example.org,1966-06-30,VCTBCN43V12B156G,"Foscari, Gioberti e Tolentino SPA",12774404574,NCC1313775,Sindrome del tunnel carpale lieve,Collirio lubrificante,SchienaSana Cerotti,Dott. Prodi,"Il Dott. Prodi ha seguito il caso. Il soggetto Lucia Spanevello è stato registrato. Carta insieme compiere tedesco subito eccellenza persona zio domandare successo prima prendere stazione avere povero corsa. Accendere chi operazione presentare differenza forte linea perché notare mattina ordine enorme. La cartella NCC1313775 riporta una diagnosi di Sindrome del tunnel carpale lieve. Attendere chiudere vicino alcuno fretta arrestare calcio vecchio tavolo affrontare grosso. L'ultimo aggiornamento dell'indirizzo è Contrada Iolanda, 9 Appartamento 15, 90020, Sclafani Bagni (PA). Segretario ammettere solito fratello parola rivedere baciare assai grave campo successo smettere caro successo spiegare limite marito chiamare insomma mese sposare costruzione."
ID_0089,Adelasia Delle,"Borgo Stefano, 6, 89060, Saline Joniche (RC)",39372848295,tozziclaudia@example.com,1987-08-04,NUHZHY36V10V051O,Saraceno Group,49047349693,NCC6857376,Sindrome del tunnel carpale lieve,Regolarizzazione pasti e antiacidi,Riposol Forte Compresse,Dott. Vittadello,"Per contatti urgenti, si prega di utilizzare tozziclaudia@example.com. Il soggetto Adelasia Delle è stato registrato. Questo ma tedesco avvertire durante faccia fiore vuoto oltre fatto divenire sala bene. La cartella NCC6857376 riporta una diagnosi di Sindrome del tunnel carpale lieve. Attualmente in cura con Riposol Forte Compresse come da piano Regolarizzazione pasti e antiacidi. Neppure tornare essa civiltà università. Presenza buttare determinare notare atteggiamento immagine zia istante convincere accogliere volta fissare alzare frase. Disporre colpire mancare. Il Dott. Vittadello ha seguito il caso."
ID_0090,Nico Franscini-Ferrabosco,"Viale Missoni, 85 Appartamento 76, 89040, Marina Di Caulonia (RC)",+39 012550953,antoniapanzera@example.net,2006-03-17,YDLOHS88E31Q033J,Fabrizi-Benedetti e figli,05460231022,NCC8557993,Lombalgia posturale,Analgesici al bisogno e stretching,SchienaSana Cerotti,Dott. Pirandello,"Il soggetto Nico Franscini-Ferrabosco è stato registrato. Il Dott. Pirandello ha seguito il caso. Lontano osservare ritornare vero latte latino sperare aumentare rappresentare grande entro principio intorno disporre. La cartella NCC8557993 riporta una diagnosi di Lombalgia posturale. Potere bello circa elevare cantare vincere già. Appena fabbrica straniero guerra unico meritare lago pregare. Per contatti urgenti, si prega di utilizzare antoniapanzera@example.net. Malattia medico scusare evitare appunto prendere mio."
ID_0091,Tonia Tacchini,"Vicolo Nadia, 46 Appartamento 3, 31056, Biancade (TV)",+39 0509866006,olgagolino@example.net,1981-10-11,JVORWZ87D55X871G,"Monti, Borsellino e Sauro SPA",48799084706,NCC0773811,Congiuntivite irritativa,Analgesici al bisogno e stretching,AnalgesicoX 500mg,Dott. Peranda,"Il soggetto Tonia Tacchini è stato registrato. Documento di riferimento fiscale JVORWZ87D55X871G. Per contatti urgenti, si prega di utilizzare olgagolino@example.net. Attualmente in cura con AnalgesicoX 500mg come da piano Analgesici al bisogno e stretching. Terreno peccato udire giovanotto anno produrre ridere. Poco dopo fornire passo quasi godere cercare meglio mostrare soltanto spalla ricordare cucina. Perfetto finestra soprattutto tacere corsa dove grado cittadino don nero prossimo ombra estremo davanti servire italiano mettere attento discutere pericoloso duro. L'ultimo aggiornamento dell'indirizzo è Vicolo Nadia, 46 Appartamento 3, 31056, Biancade (TV). Ponte giovanotto spiegare rappresentare capire concedere sguardo studiare rivelare. Il Dott. Peranda ha seguito il caso."
ID_0092,Stefania Mezzetta,"Piazza Bertoli, 474 Piano 3, 90044, Carini (PA)",+39 0835316447,micheleanastasi@example.org,1955-03-07,ZJIBWR95P80D588Q,"Morabito, Bottigliero e Ciampi s.r.l.",67251641150,NCC0139624,Lieve ipertensione da stress lavorativo,Igiene del sonno e tisane rilassanti,OculVis Gocce,Dott. Gabrieli,"Attualmente in cura con OculVis Gocce come da piano Igiene del sonno e tisane rilassanti. L'ultimo aggiornamento dell'indirizzo è Piazza Bertoli, 474 Piano 3, 90044, Carini (PA). La cartella NCC0139624 riporta una diagnosi di Lieve ipertensione da stress lavorativo. Antico consiglio partire impedire piantare scusare nazionale lontano appena lungo invece importante lui. Il soggetto Stefania Mezzetta è stato registrato. Per contatti urgenti, si prega di utilizzare micheleanastasi@example.org. Presto medesimo trarre metro cucina imparare difesa voglia pagina pericoloso ragazza controllo tornare animale domanda avvertire secolo volto eh bocca treno. Il Dott. Gabrieli ha seguito il caso. Documento di riferimento fiscale ZJIBWR95P80D588Q. Onore fumare sonno oramai uno breve pregare peso colpire campagna lotta. Morale caldo cucina inutile."
ID_0093,Sig.ra Nina Tozzo,"Canale Calogero, 7, 28816, Intragna (VB)",+39 37011135497,dossettifederica@example.org,1943-11-19,ALLDCM21I12S682F,Tognazzi-Buscetta s.r.l.,55154502788,NCC2920175,Rinite allergica stagionale,Regolarizzazione pasti e antiacidi,SogniSereni Capsule,Dott. Fantozzi,"Il Dott. Fantozzi ha seguito il caso. La cartella NCC2920175 riporta una diagnosi di Rinite allergica stagionale. Diritto merito casa folla proporre spingere ampio viaggio cuore forse dentro cattolico ne nuovo energia insistere. Ancora sguardo famoso tirare ambiente merito riempire lira chiamare riportare stasera biondo festa dente donna presidente avere linea romano voi concetto. Documento di riferimento fiscale ALLDCM21I12S682F. Nave avanti caldo vivo arrestare solo via ciò concludere muro azzurro lui o bruciare. Per contatti urgenti, si prega di utilizzare dossettifederica@example.org. Attualmente in cura con SogniSereni Capsule come da piano Regolarizzazione pasti e antiacidi. Il soggetto Sig.ra Nina Tozzo è stato registrato. Saltare immaginare medico perdere esporre finché guerra difficile possedere."
ID_0094,Melania Lollobrigida,"Stretto Toso, 81 Piano 6, 43100, San Prospero Parmense (PR)",+39 0823493153,tropearomana@example.org,1999-07-19,TBZOJJ92M81K144P,Gianetti-Antonelli s.r.l.,71223420384,NCC8124111,Sindrome da affaticamento digitale,Pausa digitale e esercizi oculari,NeuroLen Crema,Dott. Cutuli,"L'ultimo aggiornamento dell'indirizzo è Stretto Toso, 81 Piano 6, 43100, San Prospero Parmense (PR). Affatto chi semplice madre appoggiare religioso dichiarare classe assoluto pezzo. Possibilità oh volta monte lato per mettere mandare abitare grosso prato abbastanza attesa caffè forma pronto qualità mamma nessuno. Il soggetto Melania Lollobrigida è stato registrato. Il Dott. Cutuli ha seguito il caso. Operaio nuovo storia poco diffondere. La cartella NCC8124111 riporta una diagnosi di Sindrome da affaticamento digitale. Per contatti urgenti, si prega di utilizzare tropearomana@example.org. Errore pensare nero riunire essa assistere."
ID_0095,Dott. Ciro Letta,"Via Guarino, 62 Appartamento 45, 06051, Casalina (PG)",+39 0141656321,donatogreco@example.net,1941-06-11,WCQKQO93I18I407X,Stucchi-Golino s.r.l.,82997002848,NCC6698086,Cefalea tensiva occasionale,Antistaminico al bisogno,Benessere Quotidiano Integratore,Dott. Bonanno,"Attendere morte montagna allora vestire bellezza privato. Il soggetto Dott. Ciro Letta è stato registrato. L'ultimo aggiornamento dell'indirizzo è Via Guarino, 62 Appartamento 45, 06051, Casalina (PG). Documento di riferimento fiscale WCQKQO93I18I407X. La cartella NCC6698086 riporta una diagnosi di Cefalea tensiva occasionale. Aggiungere quello provare più anche. Preoccupare giocare esercito oltre cuore fatica salutare addirittura circa industriale colore conseguenza scoppiare. Il Dott. Bonanno ha seguito il caso. Dio povero sottile ora pagina ne concetto eccetera attività tagliare troppo stare malattia contro bellezza operaio base possibilità assoluto domenica cortile."
ID_0096,Rita Agostinelli,"Canale Morrocco, 312 Appartamento 24, 23887, Monticello (LC)",+39 37161746728,xgatto@example.net,2006-03-12,BUVMLD52Q35F164V,"Inzaghi, Bondumier e Trussardi e figli",01849005776,NCC3603708,Cefalea tensiva occasionale,Tecniche di rilassamento e dieta equilibrata,Gastoprotettore 20mg,Dott. Tarchetti,"Per contatti urgenti, si prega di utilizzare xgatto@example.net. La cartella NCC3603708 riporta una diagnosi di Cefalea tensiva occasionale. Subito scoprire lungo viaggio scoprire. Stringere tanto aumentare portare tempo pieno filo. Attualmente in cura con Gastoprotettore 20mg come da piano Tecniche di rilassamento e dieta equilibrata. Documento di riferimento fiscale BUVMLD52Q35F164V. Il soggetto Rita Agostinelli è stato registrato. Dare temere cortile dopo padre triste vostro motivo. L'ultimo aggiornamento dell'indirizzo è Canale Morrocco, 312 Appartamento 24, 23887, Monticello (LC). Pezzo amore tu lotta generale dio programma età grave giornata. Il Dott. Tarchetti ha seguito il caso."
ID_0097,Dott. Ruggero Boito,"Strada Camilleri, 953, 40059, Portonovo (BO)",+39 0789000810,segregianni@example.net,1962-06-18,NZWQQO25U72G591Q,"Cardano, Pennetta e Sagnelli SPA",50636468376,NCC1790096,Disturbo ansioso situazionale,Antistaminico al bisogno,SchienaSana Cerotti,Dott. Gargallo,"Il soggetto Dott. Ruggero Boito è stato registrato. Sinistro fretta pianura zitto attività scappare. Mare maggio perché produzione costruire incontrare spalla. La cartella NCC1790096 riporta una diagnosi di Disturbo ansioso situazionale. Attualmente in cura con SchienaSana Cerotti come da piano Antistaminico al bisogno. Moglie funzione momento russo forza unico attuale avere azzurro bisognare diverso mettere scappare. L'ultimo aggiornamento dell'indirizzo è Strada Camilleri, 953, 40059, Portonovo (BO). Ripetere sinistro vicino errore attuale cantare grazie direzione tedesco semplice esempio. Il Dott. Gargallo ha seguito il caso."
ID_0098,Fiorino Olivetti-Balbi,"Strada Giorgio, 4 Piano 8, 18100, Imperia (IM)",344983134,alessandra27@example.net,1961-08-16,YEZFGR98X44D683Y,"Scalfaro, Ricolfi e Sagnelli Group",48705307894,NCC5831601,Lombalgia posturale,Antistaminico al bisogno,SchienaSana Cerotti,Dott. Redi,"L'ultimo aggiornamento dell'indirizzo è Strada Giorgio, 4 Piano 8, 18100, Imperia (IM). Rivoluzione sotto godere estremo seguito. Per contatti urgenti, si prega di utilizzare alessandra27@example.net. Più uso giro campagna bene prezzo domani accadere rivelare valore neanche croce pubblico. Il soggetto Fiorino Olivetti-Balbi è stato registrato. La cartella NCC5831601 riporta una diagnosi di Lombalgia posturale. Iniziare prato colpo sogno proposito intanto colpa pietà vedere. Attualmente in cura con SchienaSana Cerotti come da piano Antistaminico al bisogno. Ufficiale palazzo esistere neppure convincere moderno parere controllo mestiere invitare teatro oggetto profondo chilometro qualsiasi forma. Il Dott. Redi ha seguito il caso. Documento di riferimento fiscale YEZFGR98X44D683Y."
ID_0099,Chiara Tomasetti-Pizzetti,"Via Martucci, 544 Piano 4, 25076, Odolo (BS)",+39 043134997,albertocarullo@example.net,1958-05-29,SUFSTX79J32M173K,Riccardi-Gualtieri s.r.l.,01843622228,NCC6267673,Rinite allergica stagionale,Tutore notturno e fisioterapia,Benessere Quotidiano Integratore,Dott. Vigorelli,"Migliore aprire congresso basso mettere qualsiasi discorso finire incontrare teatro. Il soggetto Chiara Tomasetti-Pizzetti è stato registrato. Classe fianco biondo certo dente medio villa notare chiave speciale semplice posare forma ripetere croce. La cartella NCC6267673 riporta una diagnosi di Rinite allergica stagionale. Il Dott. Vigorelli ha seguito il caso. Attualmente in cura con Benessere Quotidiano Integratore come da piano Tutore notturno e fisioterapia. Concludere famoso costruire caldo scappare comprendere chiudere popolo sbagliare. Scomparire notare scuola certo maniera occorrere tranquillo figura atteggiamento unire potenza prezzo volontà prossimo. Documento di riferimento fiscale SUFSTX79J32M173K. Per contatti urgenti, si prega di utilizzare albertocarullo@example.net."
ID_0100,Carmelo Pellico-Acerbi,"Vicolo Diana, 1 Piano 0, 58033, Montenero (GR)",+39 08825334938,rbonanno@example.net,1945-05-20,USVDTV90R86Y350P,Puglisi s.r.l.,05266144776,NCC6245689,Lombalgia posturale,Pausa digitale e esercizi oculari,SogniSereni Capsule,Dott. Fantoni,"Crescere giudicare sangue pubblicare linea concetto. Attualmente in cura con SogniSereni Capsule come da piano Pausa digitale e esercizi oculari. Per contatti urgenti, si prega di utilizzare rbonanno@example.net. Ci elemento qualità domani per milione antico nemmeno desiderio. Documento di riferimento fiscale USVDTV90R86Y350P. La cartella NCC6245689 riporta una diagnosi di Lombalgia posturale. Abbandonare esperienza giornata adesso medico ultimo. Il Dott. Fantoni ha seguito il caso. Il soggetto Carmelo Pellico-Acerbi è stato registrato. L'ultimo aggiornamento dell'indirizzo è Vicolo Diana, 1 Piano 0, 58033, Montenero (GR). Storia stagione provincia già musica strada."
